title,event_url,created_at_utc,updated_at_utc,forecast_method,forecast_source_name,forecast_source_url,forecast_text,forecast_target_raw,forecast_target_unit,forecast_target_market_unit,market_unit,latitude,longitude,timezone_name,picked_outcome_label,entry_yes_midpoint,entry_yes_bid,entry_yes_ask,latest_yes_midpoint,latest_yes_bid,latest_yes_ask,latest_spread,best_mid_seen,best_mid_seen_at_utc,best_exit_bid_seen,best_exit_bid_seen_at_utc,gross_pnl_if_exit_now,gross_pnl_at_best_exit
Highest temperature in Hong Kong on April 17?,https://polymarket.com/event/highest-temperature-in-hong-kong-on-april-17-2026,2026-04-18T21:06:37+00:00,2026-04-18T21:06:37+00:00,open_meteo,Open-Meteo,https://api.open-meteo.com/v1/forecast?latitude=22.27832&longitude=114.17469&daily=temperature_2m_max&start_date=2026-04-17&end_date=2026-04-17&temperature_unit=celsius&timezone=auto,Open-Meteo daily temperature_2m_max forecast for Hong Kong on 2026-04-17,26.7,C,27.0,C,22.27832,114.17469,Asia/Hong_Kong,Will the highest temperature in Hong Kong be 21°C or below on April 17?,0.0025,0.0,0.005,0.0025,0.0,0.005,0.005,0.0025,2026-04-18T21:06:37+00:00,0.0,2026-04-18T21:06:37+00:00,-0.005,-0.005
Highest temperature in London on April 18?,https://polymarket.com/event/highest-temperature-in-london-on-april-18-2026,2026-04-18T21:06:37+00:00,2026-04-18T21:06:37+00:00,open_meteo,Open-Meteo,https://api.open-meteo.com/v1/forecast?latitude=51.50853&longitude=-0.12574&daily=temperature_2m_max&start_date=2026-04-18&end_date=2026-04-18&temperature_unit=celsius&timezone=auto,Open-Meteo daily temperature_2m_max forecast for London on 2026-04-18,17.0,C,17.0,C,51.50853,-0.12574,Europe/London,Will the highest temperature in London be 11°C or below on April 18?,,,,,,,,,,,,,
Highest temperature in Paris on April 18?,https://polymarket.com/event/highest-temperature-in-paris-on-april-18-2026,2026-04-18T21:06:37+00:00,2026-04-18T21:06:37+00:00,open_meteo,Open-Meteo,https://api.open-meteo.com/v1/forecast?latitude=48.85341&longitude=2.3488&daily=temperature_2m_max&start_date=2026-04-18&end_date=2026-04-18&temperature_unit=celsius&timezone=auto,Open-Meteo daily temperature_2m_max forecast for Paris on 2026-04-18,22.1,C,22.0,C,48.85341,2.3488,Europe/Paris,Will the highest temperature in Paris be 13°C or below on April 18?,,,,,,,,,,,,,
Highest temperature in Sao Paulo on April 18?,https://polymarket.com/event/highest-temperature-in-sao-paulo-on-april-18-2026,2026-04-18T21:06:37+00:00,2026-04-18T21:06:37+00:00,open_meteo,Open-Meteo,https://api.open-meteo.com/v1/forecast?latitude=-23.5475&longitude=-46.63611&daily=temperature_2m_max&start_date=2026-04-18&end_date=2026-04-18&temperature_unit=celsius&timezone=auto,Open-Meteo daily temperature_2m_max forecast for Sao Paulo on 2026-04-18,28.0,C,28.0,C,-23.5475,-46.63611,America/Sao_Paulo,Will the highest temperature in Sao Paulo be 24°C or below on April 18?,,,,,,,,,,,,,
Highest temperature in Buenos Aires on April 18?,https://polymarket.com/event/highest-temperature-in-buenos-aires-on-april-18-2026,2026-04-18T21:06:37+00:00,2026-04-18T21:06:37+00:00,open_meteo,Open-Meteo,https://api.open-meteo.com/v1/forecast?latitude=-34.61315&longitude=-58.37723&daily=temperature_2m_max&start_date=2026-04-18&end_date=2026-04-18&temperature_unit=celsius&timezone=auto,Open-Meteo daily temperature_2m_max forecast for Buenos Aires on 2026-04-18,25.6,C,26.0,C,-34.61315,-58.37723,America/Argentina/Buenos_Aires,Will the highest temperature in Buenos Aires be 20°C or below on April 18?,,,,,,,,,,,,,
Highest temperature in Toronto on April 18?,https://polymarket.com/event/highest-temperature-in-toronto-on-april-18-2026,2026-04-18T21:06:37+00:00,2026-04-18T21:06:37+00:00,open_meteo,Open-Meteo,https://api.open-meteo.com/v1/forecast?latitude=43.70643&longitude=-79.39864&daily=temperature_2m_max&start_date=2026-04-18&end_date=2026-04-18&temperature_unit=celsius&timezone=auto,Open-Meteo daily temperature_2m_max forecast for Toronto on 2026-04-18,18.4,C,18.0,C,43.70643,-79.39864,America/Toronto,Will the highest temperature in Toronto be 11°C or below on April 18?,,,,,,,,,,,,,
Highest temperature in NYC on April 18?,https://polymarket.com/event/highest-temperature-in-nyc-on-april-18-2026,2026-04-18T21:06:37+00:00,2026-04-18T21:06:37+00:00,open_meteo,Open-Meteo,https://api.open-meteo.com/v1/forecast?latitude=40.71427&longitude=-74.00597&daily=temperature_2m_max&start_date=2026-04-18&end_date=2026-04-18&temperature_unit=fahrenheit&timezone=auto,Open-Meteo daily temperature_2m_max forecast for NYC on 2026-04-18,63.5,F,64.0,F,40.71427,-74.00597,America/New_York,Will the highest temperature in New York City be 53°F or below on April 18?,,,,,,,,,,,,,
Highest temperature in Dallas on April 18?,https://polymarket.com/event/highest-temperature-in-dallas-on-april-18-2026,2026-04-18T21:06:37+00:00,2026-04-18T21:06:37+00:00,open_meteo,Open-Meteo,https://api.open-meteo.com/v1/forecast?latitude=32.78306&longitude=-96.80667&daily=temperature_2m_max&start_date=2026-04-18&end_date=2026-04-18&temperature_unit=fahrenheit&timezone=auto,Open-Meteo daily temperature_2m_max forecast for Dallas on 2026-04-18,76.1,F,76.0,F,32.78306,-96.80667,America/Chicago,Will the highest temperature in Dallas be 67°F or below on April 18?,,,,,,,,,,,,,
Highest temperature in Atlanta on April 18?,https://polymarket.com/event/highest-temperature-in-atlanta-on-april-18-2026,2026-04-18T21:06:37+00:00,2026-04-18T21:06:37+00:00,open_meteo,Open-Meteo,https://api.open-meteo.com/v1/forecast?latitude=33.749&longitude=-84.38798&daily=temperature_2m_max&start_date=2026-04-18&end_date=2026-04-18&temperature_unit=fahrenheit&timezone=auto,Open-Meteo daily temperature_2m_max forecast for Atlanta on 2026-04-18,84.1,F,84.0,F,33.749,-84.38798,America/New_York,Will the highest temperature in Atlanta be 75°F or below on April 18?,,,,,,,,,,,,,
Highest temperature in Miami on April 18?,https://polymarket.com/event/highest-temperature-in-miami-on-april-18-2026,2026-04-18T21:06:37+00:00,2026-04-18T21:06:37+00:00,open_meteo,Open-Meteo,https://api.open-meteo.com/v1/forecast?latitude=25.77427&longitude=-80.19366&daily=temperature_2m_max&start_date=2026-04-18&end_date=2026-04-18&temperature_unit=fahrenheit&timezone=auto,Open-Meteo daily temperature_2m_max forecast for Miami on 2026-04-18,84.2,F,84.0,F,25.77427,-80.19366,America/New_York,Will the highest temperature in Miami be 73°F or below on April 18?,,,,,,,,,,,,,
Highest temperature in Chicago on April 18?,https://polymarket.com/event/highest-temperature-in-chicago-on-april-18-2026,2026-04-18T21:06:37+00:00,2026-04-18T21:06:37+00:00,open_meteo,Open-Meteo,https://api.open-meteo.com/v1/forecast?latitude=41.85003&longitude=-87.65005&daily=temperature_2m_max&start_date=2026-04-18&end_date=2026-04-18&temperature_unit=fahrenheit&timezone=auto,Open-Meteo daily temperature_2m_max forecast for Chicago on 2026-04-18,62.6,F,63.0,F,41.85003,-87.65005,America/Chicago,Will the highest temperature in Chicago be 53°F or below on April 18?,,,,,,,,,,,,,
Highest temperature in Ankara on April 18?,https://polymarket.com/event/highest-temperature-in-ankara-on-april-18-2026,2026-04-18T21:06:37+00:00,2026-04-18T21:06:37+00:00,open_meteo,Open-Meteo,https://api.open-meteo.com/v1/forecast?latitude=39.91987&longitude=32.85427&daily=temperature_2m_max&start_date=2026-04-18&end_date=2026-04-18&temperature_unit=celsius&timezone=auto,Open-Meteo daily temperature_2m_max forecast for Ankara on 2026-04-18,15.3,C,15.0,C,39.91987,32.85427,Europe/Istanbul,Will the highest temperature in Ankara be 12°C or below on April 18?,,,,,,,,,,,,,
Highest temperature in Lucknow on April 18?,https://polymarket.com/event/highest-temperature-in-lucknow-on-april-18-2026,2026-04-18T21:06:37+00:00,2026-04-18T21:06:37+00:00,open_meteo,Open-Meteo,https://api.open-meteo.com/v1/forecast?latitude=26.83928&longitude=80.92313&daily=temperature_2m_max&start_date=2026-04-18&end_date=2026-04-18&temperature_unit=celsius&timezone=auto,Open-Meteo daily temperature_2m_max forecast for Lucknow on 2026-04-18,41.4,C,41.0,C,26.83928,80.92313,Asia/Kolkata,Will the highest temperature in Lucknow be 39°C or below on April 18?,,,,,,,,,,,,,
Highest temperature in Munich on April 18?,https://polymarket.com/event/highest-temperature-in-munich-on-april-18-2026,2026-04-18T21:06:37+00:00,2026-04-18T21:06:37+00:00,open_meteo,Open-Meteo,https://api.open-meteo.com/v1/forecast?latitude=48.13743&longitude=11.57549&daily=temperature_2m_max&start_date=2026-04-18&end_date=2026-04-18&temperature_unit=celsius&timezone=auto,Open-Meteo daily temperature_2m_max forecast for Munich on 2026-04-18,21.2,C,21.0,C,48.13743,11.57549,Europe/Berlin,Will the highest temperature in Munich be 14°C or below on April 18?,,,,,,,,,,,,,
Highest temperature in Tel Aviv on April 18?,https://polymarket.com/event/highest-temperature-in-tel-aviv-on-april-18-2026,2026-04-18T21:06:37+00:00,2026-04-18T21:06:37+00:00,open_meteo,Open-Meteo,https://api.open-meteo.com/v1/forecast?latitude=32.08088&longitude=34.78057&daily=temperature_2m_max&start_date=2026-04-18&end_date=2026-04-18&temperature_unit=celsius&timezone=auto,Open-Meteo daily temperature_2m_max forecast for Tel Aviv on 2026-04-18,25.5,C,26.0,C,32.08088,34.78057,Asia/Jerusalem,Will the highest temperature in Tel Aviv be 18°C or below on April 18?,,,,,,,,,,,,,
Highest temperature in Hong Kong on April 18?,https://polymarket.com/event/highest-temperature-in-hong-kong-on-april-18-2026,2026-04-18T21:06:37+00:00,2026-04-18T21:06:37+00:00,open_meteo,Open-Meteo,https://api.open-meteo.com/v1/forecast?latitude=22.27832&longitude=114.17469&daily=temperature_2m_max&start_date=2026-04-18&end_date=2026-04-18&temperature_unit=celsius&timezone=auto,Open-Meteo daily temperature_2m_max forecast for Hong Kong on 2026-04-18,27.2,C,27.0,C,22.27832,114.17469,Asia/Hong_Kong,Will the highest temperature in Hong Kong be 21°C or below on April 18?,0.0005,0.0,0.001,0.0005,0.0,0.001,0.001,0.0005,2026-04-18T21:06:37+00:00,0.0,2026-04-18T21:06:37+00:00,-0.001,-0.001
Highest temperature in Milan on April 18?,https://polymarket.com/event/highest-temperature-in-milan-on-april-18-2026,2026-04-18T21:06:37+00:00,2026-04-18T21:06:37+00:00,open_meteo,Open-Meteo,https://api.open-meteo.com/v1/forecast?latitude=45.46427&longitude=9.18951&daily=temperature_2m_max&start_date=2026-04-18&end_date=2026-04-18&temperature_unit=celsius&timezone=auto,Open-Meteo daily temperature_2m_max forecast for Milan on 2026-04-18,25.2,C,25.0,C,45.46427,9.18951,Europe/Rome,Will the highest temperature in Milan be 18°C or below on April 18?,,,,,,,,,,,,,
Highest temperature in Madrid on April 18?,https://polymarket.com/event/highest-temperature-in-madrid-on-april-18-2026,2026-04-18T21:06:37+00:00,2026-04-18T21:06:37+00:00,open_meteo,Open-Meteo,https://api.open-meteo.com/v1/forecast?latitude=40.4165&longitude=-3.70256&daily=temperature_2m_max&start_date=2026-04-18&end_date=2026-04-18&temperature_unit=celsius&timezone=auto,Open-Meteo daily temperature_2m_max forecast for Madrid on 2026-04-18,27.0,C,27.0,C,40.4165,-3.70256,Europe/Madrid,Will the highest temperature in Madrid be 22°C or below on April 18?,,,,,,,,,,,,,
Highest temperature in Warsaw on April 18?,https://polymarket.com/event/highest-temperature-in-warsaw-on-april-18-2026,2026-04-18T21:06:37+00:00,2026-04-18T21:06:37+00:00,open_meteo,Open-Meteo,https://api.open-meteo.com/v1/forecast?latitude=52.22977&longitude=21.01178&daily=temperature_2m_max&start_date=2026-04-18&end_date=2026-04-18&temperature_unit=celsius&timezone=auto,Open-Meteo daily temperature_2m_max forecast for Warsaw on 2026-04-18,17.5,C,18.0,C,52.22977,21.01178,Europe/Warsaw,Will the highest temperature in Warsaw be 10°C or below on April 18?,,,,,,,,,,,,,
Highest temperature in Austin on April 18?,https://polymarket.com/event/highest-temperature-in-austin-on-april-18-2026,2026-04-18T21:06:37+00:00,2026-04-18T21:06:37+00:00,open_meteo,Open-Meteo,https://api.open-meteo.com/v1/forecast?latitude=30.26715&longitude=-97.74306&daily=temperature_2m_max&start_date=2026-04-18&end_date=2026-04-18&temperature_unit=fahrenheit&timezone=auto,Open-Meteo daily temperature_2m_max forecast for Austin on 2026-04-18,74.6,F,75.0,F,30.26715,-97.74306,America/Chicago,Will the highest temperature in Austin be 69°F or below on April 18?,,,,,,,,,,,,,
Highest temperature in Denver on April 18?,https://polymarket.com/event/highest-temperature-in-denver-on-april-18-2026,2026-04-18T21:06:37+00:00,2026-04-18T21:06:37+00:00,open_meteo,Open-Meteo,https://api.open-meteo.com/v1/forecast?latitude=39.73915&longitude=-104.9847&daily=temperature_2m_max&start_date=2026-04-18&end_date=2026-04-18&temperature_unit=fahrenheit&timezone=auto,Open-Meteo daily temperature_2m_max forecast for Denver on 2026-04-18,57.4,F,57.0,F,39.73915,-104.9847,America/Denver,Will the highest temperature in Denver be 47°F or below on April 18?,0.0005,0.0,0.001,0.0005,0.0,0.001,0.001,0.0005,2026-04-18T21:06:37+00:00,0.0,2026-04-18T21:06:37+00:00,-0.001,-0.001
Highest temperature in Houston on April 18?,https://polymarket.com/event/highest-temperature-in-houston-on-april-18-2026,2026-04-18T21:06:37+00:00,2026-04-18T21:06:37+00:00,open_meteo,Open-Meteo,https://api.open-meteo.com/v1/forecast?latitude=29.76328&longitude=-95.36327&daily=temperature_2m_max&start_date=2026-04-18&end_date=2026-04-18&temperature_unit=fahrenheit&timezone=auto,Open-Meteo daily temperature_2m_max forecast for Houston on 2026-04-18,82.7,F,83.0,F,29.76328,-95.36327,America/Chicago,Will the highest temperature in Houston be 65°F or below on April 18?,,,,,,,,,,,,,
Highest temperature in Los Angeles on April 18?,https://polymarket.com/event/highest-temperature-in-los-angeles-on-april-18-2026,2026-04-18T21:06:37+00:00,2026-04-18T21:06:37+00:00,open_meteo,Open-Meteo,https://api.open-meteo.com/v1/forecast?latitude=34.05223&longitude=-118.24368&daily=temperature_2m_max&start_date=2026-04-18&end_date=2026-04-18&temperature_unit=fahrenheit&timezone=auto,Open-Meteo daily temperature_2m_max forecast for Los Angeles on 2026-04-18,83.7,F,84.0,F,34.05223,-118.24368,America/Los_Angeles,Will the highest temperature in Los Angeles be 53°F or below on April 18?,,,,,,,,,,,,,
Highest temperature in San Francisco on April 18?,https://polymarket.com/event/highest-temperature-in-san-francisco-on-april-18-2026,2026-04-18T21:06:37+00:00,2026-04-18T21:06:37+00:00,open_meteo,Open-Meteo,https://api.open-meteo.com/v1/forecast?latitude=37.77493&longitude=-122.41942&daily=temperature_2m_max&start_date=2026-04-18&end_date=2026-04-18&temperature_unit=fahrenheit&timezone=auto,Open-Meteo daily temperature_2m_max forecast for San Francisco on 2026-04-18,73.2,F,73.0,F,37.77493,-122.41942,America/Los_Angeles,Will the highest temperature in San Francisco be 49°F or below on April 18?,,,,,,,,,,,,,
Highest temperature in Moscow on April 18?,https://polymarket.com/event/highest-temperature-in-moscow-on-april-18-2026,2026-04-18T21:06:37+00:00,2026-04-18T21:06:37+00:00,open_meteo,Open-Meteo,https://api.open-meteo.com/v1/forecast?latitude=55.75222&longitude=37.61556&daily=temperature_2m_max&start_date=2026-04-18&end_date=2026-04-18&temperature_unit=celsius&timezone=auto,Open-Meteo daily temperature_2m_max forecast for Moscow on 2026-04-18,9.7,C,10.0,C,55.75222,37.61556,Europe/Moscow,Will the highest temperature in Moscow be 10°C on April 18?,0.9995,0.999,1.0,0.9995,0.999,1.0,0.0010000000000000009,0.9995,2026-04-18T21:06:37+00:00,0.999,2026-04-18T21:06:37+00:00,-0.0010000000000000009,-0.0010000000000000009
Highest temperature in Istanbul on April 18?,https://polymarket.com/event/highest-temperature-in-istanbul-on-april-18-2026,2026-04-18T21:06:37+00:00,2026-04-18T21:06:37+00:00,open_meteo,Open-Meteo,https://api.open-meteo.com/v1/forecast?latitude=41.01384&longitude=28.94966&daily=temperature_2m_max&start_date=2026-04-18&end_date=2026-04-18&temperature_unit=celsius&timezone=auto,Open-Meteo daily temperature_2m_max forecast for Istanbul on 2026-04-18,14.5,C,15.0,C,41.01384,28.94966,Europe/Istanbul,Will the highest temperature in Istanbul be 10°C on April 18?,,,,,,,,,,,,,
Highest temperature in Amsterdam on April 18?,https://polymarket.com/event/highest-temperature-in-amsterdam-on-april-18-2026,2026-04-18T21:06:37+00:00,2026-04-18T21:06:37+00:00,open_meteo,Open-Meteo,https://api.open-meteo.com/v1/forecast?latitude=52.37403&longitude=4.88969&daily=temperature_2m_max&start_date=2026-04-18&end_date=2026-04-18&temperature_unit=celsius&timezone=auto,Open-Meteo daily temperature_2m_max forecast for Amsterdam on 2026-04-18,15.1,C,15.0,C,52.37403,4.88969,Europe/Amsterdam,Will the highest temperature in Amsterdam be 10°C or below on April 18?,,,,,,,,,,,,,
Highest temperature in Helsinki on April 18?,https://polymarket.com/event/highest-temperature-in-helsinki-on-april-18-2026,2026-04-18T21:06:37+00:00,2026-04-18T21:06:37+00:00,open_meteo,Open-Meteo,https://api.open-meteo.com/v1/forecast?latitude=60.16952&longitude=24.93545&daily=temperature_2m_max&start_date=2026-04-18&end_date=2026-04-18&temperature_unit=celsius&timezone=auto,Open-Meteo daily temperature_2m_max forecast for Helsinki on 2026-04-18,11.4,C,11.0,C,60.16952,24.93545,Europe/Helsinki,Will the highest temperature in Helsinki be 10°C on April 18?,,,,,,,,,,,,,
Highest temperature in Panama City on April 18?,https://polymarket.com/event/highest-temperature-in-panama-city-on-april-18-2026,2026-04-18T21:06:37+00:00,2026-04-18T21:06:37+00:00,open_meteo,Open-Meteo,https://api.open-meteo.com/v1/forecast?latitude=8.9936&longitude=-79.51973&daily=temperature_2m_max&start_date=2026-04-18&end_date=2026-04-18&temperature_unit=celsius&timezone=auto,Open-Meteo daily temperature_2m_max forecast for Panama City on 2026-04-18,34.4,C,34.0,C,8.9936,-79.51973,America/Panama,Will the highest temperature in Panama City be 22°C or below on April 18?,,,,,,,,,,,,,
Highest temperature in Jeddah on April 18?,https://polymarket.com/event/highest-temperature-in-jeddah-on-april-18-2026,2026-04-18T21:06:37+00:00,2026-04-18T21:06:37+00:00,open_meteo,Open-Meteo,https://api.open-meteo.com/v1/forecast?latitude=21.49012&longitude=39.18624&daily=temperature_2m_max&start_date=2026-04-18&end_date=2026-04-18&temperature_unit=celsius&timezone=auto,Open-Meteo daily temperature_2m_max forecast for Jeddah on 2026-04-18,39.8,C,40.0,C,21.49012,39.18624,Asia/Riyadh,Will the highest temperature in Jeddah be 33°C or below on April 18?,,,,,,,,,,,,,
Highest temperature in Lagos on April 18?,https://polymarket.com/event/highest-temperature-in-lagos-on-april-18-2026,2026-04-18T21:06:37+00:00,2026-04-18T21:06:37+00:00,open_meteo,Open-Meteo,https://api.open-meteo.com/v1/forecast?latitude=6.45407&longitude=3.39467&daily=temperature_2m_max&start_date=2026-04-18&end_date=2026-04-18&temperature_unit=celsius&timezone=auto,Open-Meteo daily temperature_2m_max forecast for Lagos on 2026-04-18,32.7,C,33.0,C,6.45407,3.39467,Africa/Lagos,Will the highest temperature in Lagos be 27°C or below on April 18?,,,,,,,,,,,,,
Highest temperature in Cape Town on April 18?,https://polymarket.com/event/highest-temperature-in-cape-town-on-april-18-2026,2026-04-18T21:06:37+00:00,2026-04-18T21:06:37+00:00,open_meteo,Open-Meteo,https://api.open-meteo.com/v1/forecast?latitude=-33.92584&longitude=18.42322&daily=temperature_2m_max&start_date=2026-04-18&end_date=2026-04-18&temperature_unit=celsius&timezone=auto,Open-Meteo daily temperature_2m_max forecast for Cape Town on 2026-04-18,16.7,C,17.0,C,-33.92584,18.42322,Africa/Johannesburg,Will the highest temperature in Cape Town be 13°C or below on April 18?,,,,,,,,,,,,,
Highest temperature in Karachi on April 18?,https://polymarket.com/event/highest-temperature-in-karachi-on-april-18-2026,2026-04-18T21:06:37+00:00,2026-04-18T21:06:37+00:00,open_meteo,Open-Meteo,https://api.open-meteo.com/v1/forecast?latitude=24.8608&longitude=67.0104&daily=temperature_2m_max&start_date=2026-04-18&end_date=2026-04-18&temperature_unit=celsius&timezone=auto,Open-Meteo daily temperature_2m_max forecast for Karachi on 2026-04-18,30.1,C,30.0,C,24.8608,67.0104,Asia/Karachi,Will the highest temperature in Karachi be 25°C or below on April 18?,,,,,,,,,,,,,
Highest temperature in London on April 19?,https://polymarket.com/event/highest-temperature-in-london-on-april-19-2026,2026-04-18T21:06:37+00:00,2026-04-18T21:06:37+00:00,open_meteo,Open-Meteo,https://api.open-meteo.com/v1/forecast?latitude=51.50853&longitude=-0.12574&daily=temperature_2m_max&start_date=2026-04-19&end_date=2026-04-19&temperature_unit=celsius&timezone=auto,Open-Meteo daily temperature_2m_max forecast for London on 2026-04-19,15.3,C,15.0,C,51.50853,-0.12574,Europe/London,Will the highest temperature in London be 10°C on April 19?,0.0005,0.0,0.001,0.0005,0.0,0.001,0.001,0.0005,2026-04-18T21:06:37+00:00,0.0,2026-04-18T21:06:37+00:00,-0.001,-0.001
Highest temperature in Paris on April 19?,https://polymarket.com/event/highest-temperature-in-paris-on-april-19-2026,2026-04-18T21:06:37+00:00,2026-04-18T21:06:37+00:00,open_meteo,Open-Meteo,https://api.open-meteo.com/v1/forecast?latitude=48.85341&longitude=2.3488&daily=temperature_2m_max&start_date=2026-04-19&end_date=2026-04-19&temperature_unit=celsius&timezone=auto,Open-Meteo daily temperature_2m_max forecast for Paris on 2026-04-19,17.6,C,18.0,C,48.85341,2.3488,Europe/Paris,Will the highest temperature in Paris be 13°C or below on April 19?,0.002,0.0,0.004,0.002,0.0,0.004,0.004,0.002,2026-04-18T21:06:37+00:00,0.0,2026-04-18T21:06:37+00:00,-0.004,-0.004
Highest temperature in Sao Paulo on April 19?,https://polymarket.com/event/highest-temperature-in-sao-paulo-on-april-19-2026,2026-04-18T21:06:37+00:00,2026-04-18T21:06:37+00:00,open_meteo,Open-Meteo,https://api.open-meteo.com/v1/forecast?latitude=-23.5475&longitude=-46.63611&daily=temperature_2m_max&start_date=2026-04-19&end_date=2026-04-19&temperature_unit=celsius&timezone=auto,Open-Meteo daily temperature_2m_max forecast for Sao Paulo on 2026-04-19,27.2,C,27.0,C,-23.5475,-46.63611,America/Sao_Paulo,Will the highest temperature in Sao Paulo be 23°C or below on April 19?,0.0035,0.002,0.003,0.0035,0.002,0.003,0.001,0.0035,2026-04-18T21:06:37+00:00,0.002,2026-04-18T21:06:37+00:00,-0.001,-0.001
Highest temperature in Buenos Aires on April 19?,https://polymarket.com/event/highest-temperature-in-buenos-aires-on-april-19-2026,2026-04-18T21:06:37+00:00,2026-04-18T21:06:37+00:00,open_meteo,Open-Meteo,https://api.open-meteo.com/v1/forecast?latitude=-34.61315&longitude=-58.37723&daily=temperature_2m_max&start_date=2026-04-19&end_date=2026-04-19&temperature_unit=celsius&timezone=auto,Open-Meteo daily temperature_2m_max forecast for Buenos Aires on 2026-04-19,22.2,C,22.0,C,-34.61315,-58.37723,America/Argentina/Buenos_Aires,Will the highest temperature in Buenos Aires be 18°C or below on April 19?,0.0005,0.0,0.001,0.0005,0.0,0.001,0.001,0.0005,2026-04-18T21:06:37+00:00,0.0,2026-04-18T21:06:37+00:00,-0.001,-0.001
Highest temperature in Seoul on April 19?,https://polymarket.com/event/highest-temperature-in-seoul-on-april-19-2026,2026-04-18T21:06:37+00:00,2026-04-18T21:06:37+00:00,open_meteo,Open-Meteo,https://api.open-meteo.com/v1/forecast?latitude=37.566&longitude=126.9784&daily=temperature_2m_max&start_date=2026-04-19&end_date=2026-04-19&temperature_unit=celsius&timezone=auto,Open-Meteo daily temperature_2m_max forecast for Seoul on 2026-04-19,25.7,C,26.0,C,37.566,126.9784,Asia/Seoul,Will the highest temperature in Seoul be 14°C or below on April 19?,0.0005,0.0,0.001,0.0005,0.0,0.001,0.001,0.0005,2026-04-18T21:06:37+00:00,0.0,2026-04-18T21:06:37+00:00,-0.001,-0.001
Highest temperature in Toronto on April 19?,https://polymarket.com/event/highest-temperature-in-toronto-on-april-19-2026,2026-04-18T21:06:37+00:00,2026-04-18T21:06:37+00:00,open_meteo,Open-Meteo,https://api.open-meteo.com/v1/forecast?latitude=43.70643&longitude=-79.39864&daily=temperature_2m_max&start_date=2026-04-19&end_date=2026-04-19&temperature_unit=celsius&timezone=auto,Open-Meteo daily temperature_2m_max forecast for Toronto on 2026-04-19,6.9,C,7.0,C,43.70643,-79.39864,America/Toronto,Will the highest temperature in Toronto be 0°C or below on April 19?,0.0005,0.0,0.001,0.0005,0.0,0.001,0.001,0.0005,2026-04-18T21:06:37+00:00,0.0,2026-04-18T21:06:37+00:00,-0.001,-0.001
Highest temperature in Seattle on April 19?,https://polymarket.com/event/highest-temperature-in-seattle-on-april-19-2026,2026-04-18T21:06:37+00:00,2026-04-18T21:06:37+00:00,open_meteo,Open-Meteo,https://api.open-meteo.com/v1/forecast?latitude=47.60621&longitude=-122.33207&daily=temperature_2m_max&start_date=2026-04-19&end_date=2026-04-19&temperature_unit=fahrenheit&timezone=auto,Open-Meteo daily temperature_2m_max forecast for Seattle on 2026-04-19,71.8,F,72.0,F,47.60621,-122.33207,America/Los_Angeles,Will the highest temperature in Seattle be 43°F or below on April 19?,0.0005,0.0,0.001,0.0005,0.0,0.001,0.001,0.0005,2026-04-18T21:06:37+00:00,0.0,2026-04-18T21:06:37+00:00,-0.001,-0.001
Highest temperature in NYC on April 19?,https://polymarket.com/event/highest-temperature-in-nyc-on-april-19-2026,2026-04-18T21:06:37+00:00,2026-04-18T21:06:37+00:00,open_meteo,Open-Meteo,https://api.open-meteo.com/v1/forecast?latitude=40.71427&longitude=-74.00597&daily=temperature_2m_max&start_date=2026-04-19&end_date=2026-04-19&temperature_unit=fahrenheit&timezone=auto,Open-Meteo daily temperature_2m_max forecast for NYC on 2026-04-19,50.7,F,51.0,F,40.71427,-74.00597,America/New_York,Will the highest temperature in New York City be 47°F or below on April 19?,0.0045,0.004,0.005,0.0045,0.004,0.005,0.001,0.0045,2026-04-18T21:06:37+00:00,0.004,2026-04-18T21:06:37+00:00,-0.001,-0.001
Highest temperature in Dallas on April 19?,https://polymarket.com/event/highest-temperature-in-dallas-on-april-19-2026,2026-04-18T21:06:37+00:00,2026-04-18T21:06:37+00:00,open_meteo,Open-Meteo,https://api.open-meteo.com/v1/forecast?latitude=32.78306&longitude=-96.80667&daily=temperature_2m_max&start_date=2026-04-19&end_date=2026-04-19&temperature_unit=fahrenheit&timezone=auto,Open-Meteo daily temperature_2m_max forecast for Dallas on 2026-04-19,71.0,F,71.0,F,32.78306,-96.80667,America/Chicago,Will the highest temperature in Dallas be 71°F or below on April 19?,0.42,0.41,0.43,0.42,0.41,0.43,0.020000000000000018,0.42,2026-04-18T21:06:37+00:00,0.41,2026-04-18T21:06:37+00:00,-0.020000000000000018,-0.020000000000000018
Highest temperature in Atlanta on April 19?,https://polymarket.com/event/highest-temperature-in-atlanta-on-april-19-2026,2026-04-18T21:06:37+00:00,2026-04-18T21:06:37+00:00,open_meteo,Open-Meteo,https://api.open-meteo.com/v1/forecast?latitude=33.749&longitude=-84.38798&daily=temperature_2m_max&start_date=2026-04-19&end_date=2026-04-19&temperature_unit=fahrenheit&timezone=auto,Open-Meteo daily temperature_2m_max forecast for Atlanta on 2026-04-19,70.4,F,70.0,F,33.749,-84.38798,America/New_York,Will the highest temperature in Atlanta be 55°F or below on April 19?,0.0005,0.0,0.001,0.0005,0.0,0.001,0.001,0.0005,2026-04-18T21:06:37+00:00,0.0,2026-04-18T21:06:37+00:00,-0.001,-0.001
Highest temperature in Miami on April 19?,https://polymarket.com/event/highest-temperature-in-miami-on-april-19-2026,2026-04-18T21:06:37+00:00,2026-04-18T21:06:37+00:00,open_meteo,Open-Meteo,https://api.open-meteo.com/v1/forecast?latitude=25.77427&longitude=-80.19366&daily=temperature_2m_max&start_date=2026-04-19&end_date=2026-04-19&temperature_unit=fahrenheit&timezone=auto,Open-Meteo daily temperature_2m_max forecast for Miami on 2026-04-19,81.5,F,82.0,F,25.77427,-80.19366,America/New_York,Will the highest temperature in Miami be 75°F or below on April 19?,0.0005,0.0,0.001,0.0005,0.0,0.001,0.001,0.0005,2026-04-18T21:06:37+00:00,0.0,2026-04-18T21:06:37+00:00,-0.001,-0.001
Highest temperature in Chicago on April 19?,https://polymarket.com/event/highest-temperature-in-chicago-on-april-19-2026,2026-04-18T21:06:37+00:00,2026-04-18T21:06:37+00:00,open_meteo,Open-Meteo,https://api.open-meteo.com/v1/forecast?latitude=41.85003&longitude=-87.65005&daily=temperature_2m_max&start_date=2026-04-19&end_date=2026-04-19&temperature_unit=fahrenheit&timezone=auto,Open-Meteo daily temperature_2m_max forecast for Chicago on 2026-04-19,46.4,F,46.0,F,41.85003,-87.65005,America/Chicago,Will the highest temperature in Chicago be 43°F or below on April 19?,0.0125,0.012,0.013,0.0125,0.012,0.013,0.0009999999999999992,0.0125,2026-04-18T21:06:37+00:00,0.012,2026-04-18T21:06:37+00:00,-0.0009999999999999992,-0.0009999999999999992
Highest temperature in Ankara on April 19?,https://polymarket.com/event/highest-temperature-in-ankara-on-april-19-2026,2026-04-18T21:06:37+00:00,2026-04-18T21:06:37+00:00,open_meteo,Open-Meteo,https://api.open-meteo.com/v1/forecast?latitude=39.91987&longitude=32.85427&daily=temperature_2m_max&start_date=2026-04-19&end_date=2026-04-19&temperature_unit=celsius&timezone=auto,Open-Meteo daily temperature_2m_max forecast for Ankara on 2026-04-19,12.8,C,13.0,C,39.91987,32.85427,Europe/Istanbul,Will the highest temperature in Ankara be 10°C on April 19?,0.0565,0.048,0.065,0.0565,0.048,0.065,0.017,0.0565,2026-04-18T21:06:37+00:00,0.048,2026-04-18T21:06:37+00:00,-0.017,-0.017
Highest temperature in Wellington on April 19?,https://polymarket.com/event/highest-temperature-in-wellington-on-april-19-2026,2026-04-18T21:06:37+00:00,2026-04-18T21:06:37+00:00,open_meteo,Open-Meteo,https://api.open-meteo.com/v1/forecast?latitude=-41.28664&longitude=174.77557&daily=temperature_2m_max&start_date=2026-04-19&end_date=2026-04-19&temperature_unit=celsius&timezone=auto,Open-Meteo daily temperature_2m_max forecast for Wellington on 2026-04-19,16.8,C,17.0,C,-41.28664,174.77557,Pacific/Auckland,Will the highest temperature in Wellington be 11°C or below on April 19?,,,,,,,,,,,,,
Highest temperature in Lucknow on April 19?,https://polymarket.com/event/highest-temperature-in-lucknow-on-april-19-2026,2026-04-18T21:06:37+00:00,2026-04-18T21:06:37+00:00,open_meteo,Open-Meteo,https://api.open-meteo.com/v1/forecast?latitude=26.83928&longitude=80.92313&daily=temperature_2m_max&start_date=2026-04-19&end_date=2026-04-19&temperature_unit=celsius&timezone=auto,Open-Meteo daily temperature_2m_max forecast for Lucknow on 2026-04-19,41.6,C,42.0,C,26.83928,80.92313,Asia/Kolkata,Will the highest temperature in Lucknow be 40°C or below on April 19?,0.0075,0.006,0.009,0.0075,0.006,0.009,0.002999999999999999,0.0075,2026-04-18T21:06:37+00:00,0.006,2026-04-18T21:06:37+00:00,-0.002999999999999999,-0.002999999999999999
Highest temperature in Munich on April 19?,https://polymarket.com/event/highest-temperature-in-munich-on-april-19-2026,2026-04-18T21:06:37+00:00,2026-04-18T21:06:37+00:00,open_meteo,Open-Meteo,https://api.open-meteo.com/v1/forecast?latitude=48.13743&longitude=11.57549&daily=temperature_2m_max&start_date=2026-04-19&end_date=2026-04-19&temperature_unit=celsius&timezone=auto,Open-Meteo daily temperature_2m_max forecast for Munich on 2026-04-19,17.5,C,18.0,C,48.13743,11.57549,Europe/Berlin,Will the highest temperature in Munich be 10°C or below on April 19?,0.0005,0.0,0.001,0.0005,0.0,0.001,0.001,0.0005,2026-04-18T21:06:37+00:00,0.0,2026-04-18T21:06:37+00:00,-0.001,-0.001
Highest temperature in Tel Aviv on April 19?,https://polymarket.com/event/highest-temperature-in-tel-aviv-on-april-19-2026,2026-04-18T21:06:37+00:00,2026-04-18T21:06:37+00:00,open_meteo,Open-Meteo,https://api.open-meteo.com/v1/forecast?latitude=32.08088&longitude=34.78057&daily=temperature_2m_max&start_date=2026-04-19&end_date=2026-04-19&temperature_unit=celsius&timezone=auto,Open-Meteo daily temperature_2m_max forecast for Tel Aviv on 2026-04-19,22.0,C,22.0,C,32.08088,34.78057,Asia/Jerusalem,Will the highest temperature in Tel Aviv be 16°C or below on April 19?,0.001,0.0,0.001,0.001,0.0,0.001,0.001,0.001,2026-04-18T21:06:37+00:00,0.0,2026-04-18T21:06:37+00:00,-0.001,-0.001
Highest temperature in Tokyo on April 19?,https://polymarket.com/event/highest-temperature-in-tokyo-on-april-19-2026,2026-04-18T21:06:37+00:00,2026-04-18T21:06:37+00:00,open_meteo,Open-Meteo,https://api.open-meteo.com/v1/forecast?latitude=35.6895&longitude=139.69171&daily=temperature_2m_max&start_date=2026-04-19&end_date=2026-04-19&temperature_unit=celsius&timezone=auto,Open-Meteo daily temperature_2m_max forecast for Tokyo on 2026-04-19,23.1,C,23.0,C,35.6895,139.69171,Asia/Tokyo,Will the highest temperature in Tokyo be 16°C or below on April 19?,,,,,,,,,,,,,
Highest temperature in Hong Kong on April 19?,https://polymarket.com/event/highest-temperature-in-hong-kong-on-april-19-2026,2026-04-18T21:06:37+00:00,2026-04-18T21:06:37+00:00,open_meteo,Open-Meteo,https://api.open-meteo.com/v1/forecast?latitude=22.27832&longitude=114.17469&daily=temperature_2m_max&start_date=2026-04-19&end_date=2026-04-19&temperature_unit=celsius&timezone=auto,Open-Meteo daily temperature_2m_max forecast for Hong Kong on 2026-04-19,28.2,C,28.0,C,22.27832,114.17469,Asia/Hong_Kong,Will the highest temperature in Hong Kong be 21°C or below on April 19?,0.0005,0.0,0.001,0.0005,0.0,0.001,0.001,0.0005,2026-04-18T21:06:37+00:00,0.0,2026-04-18T21:06:37+00:00,-0.001,-0.001
Highest temperature in Shanghai on April 19?,https://polymarket.com/event/highest-temperature-in-shanghai-on-april-19-2026,2026-04-18T21:06:37+00:00,2026-04-18T21:06:37+00:00,open_meteo,Open-Meteo,https://api.open-meteo.com/v1/forecast?latitude=31.22222&longitude=121.45806&daily=temperature_2m_max&start_date=2026-04-19&end_date=2026-04-19&temperature_unit=celsius&timezone=auto,Open-Meteo daily temperature_2m_max forecast for Shanghai on 2026-04-19,23.8,C,24.0,C,31.22222,121.45806,Asia/Shanghai,Will the highest temperature in Shanghai be 17°C or below on April 19?,0.0005,0.0,0.001,0.0005,0.0,0.001,0.001,0.0005,2026-04-18T21:06:37+00:00,0.0,2026-04-18T21:06:37+00:00,-0.001,-0.001
Highest temperature in Singapore on April 19?,https://polymarket.com/event/highest-temperature-in-singapore-on-april-19-2026,2026-04-18T21:06:37+00:00,2026-04-18T21:06:37+00:00,open_meteo,Open-Meteo,https://api.open-meteo.com/v1/forecast?latitude=1.28967&longitude=103.85007&daily=temperature_2m_max&start_date=2026-04-19&end_date=2026-04-19&temperature_unit=celsius&timezone=auto,Open-Meteo daily temperature_2m_max forecast for Singapore on 2026-04-19,32.2,C,32.0,C,1.28967,103.85007,Asia/Singapore,Will the highest temperature in Singapore be 25°C or below on April 19?,,,,,,,,,,,,,
Highest temperature in Milan on April 19?,https://polymarket.com/event/highest-temperature-in-milan-on-april-19-2026,2026-04-18T21:06:37+00:00,2026-04-18T21:06:37+00:00,open_meteo,Open-Meteo,https://api.open-meteo.com/v1/forecast?latitude=45.46427&longitude=9.18951&daily=temperature_2m_max&start_date=2026-04-19&end_date=2026-04-19&temperature_unit=celsius&timezone=auto,Open-Meteo daily temperature_2m_max forecast for Milan on 2026-04-19,24.9,C,25.0,C,45.46427,9.18951,Europe/Rome,Will the highest temperature in Milan be 17°C or below on April 19?,0.0015,0.0,0.001,0.0015,0.0,0.001,0.001,0.0015,2026-04-18T21:06:37+00:00,0.0,2026-04-18T21:06:37+00:00,-0.001,-0.001
Highest temperature in Madrid on April 19?,https://polymarket.com/event/highest-temperature-in-madrid-on-april-19-2026,2026-04-18T21:06:37+00:00,2026-04-18T21:06:37+00:00,open_meteo,Open-Meteo,https://api.open-meteo.com/v1/forecast?latitude=40.4165&longitude=-3.70256&daily=temperature_2m_max&start_date=2026-04-19&end_date=2026-04-19&temperature_unit=celsius&timezone=auto,Open-Meteo daily temperature_2m_max forecast for Madrid on 2026-04-19,27.7,C,28.0,C,40.4165,-3.70256,Europe/Madrid,Will the highest temperature in Madrid be 21°C or below on April 19?,0.0005,0.0,0.001,0.0005,0.0,0.001,0.001,0.0005,2026-04-18T21:06:37+00:00,0.0,2026-04-18T21:06:37+00:00,-0.001,-0.001
Highest temperature in Warsaw on April 19?,https://polymarket.com/event/highest-temperature-in-warsaw-on-april-19-2026,2026-04-18T21:06:37+00:00,2026-04-18T21:06:37+00:00,open_meteo,Open-Meteo,https://api.open-meteo.com/v1/forecast?latitude=52.22977&longitude=21.01178&daily=temperature_2m_max&start_date=2026-04-19&end_date=2026-04-19&temperature_unit=celsius&timezone=auto,Open-Meteo daily temperature_2m_max forecast for Warsaw on 2026-04-19,17.8,C,18.0,C,52.22977,21.01178,Europe/Warsaw,Will the highest temperature in Warsaw be 11°C or below on April 19?,0.0005,0.0,0.001,0.0005,0.0,0.001,0.001,0.0005,2026-04-18T21:06:37+00:00,0.0,2026-04-18T21:06:37+00:00,-0.001,-0.001
Highest temperature in Taipei on April 19?,https://polymarket.com/event/highest-temperature-in-taipei-on-april-19-2026,2026-04-18T21:06:37+00:00,2026-04-18T21:06:37+00:00,open_meteo,Open-Meteo,https://api.open-meteo.com/v1/forecast?latitude=25.05306&longitude=121.52639&daily=temperature_2m_max&start_date=2026-04-19&end_date=2026-04-19&temperature_unit=celsius&timezone=auto,Open-Meteo daily temperature_2m_max forecast for Taipei on 2026-04-19,28.5,C,29.0,C,25.05306,121.52639,Asia/Taipei,Will the highest temperature in Taipei be 23°C or below on April 19?,0.0005,0.0,0.001,0.0005,0.0,0.001,0.001,0.0005,2026-04-18T21:06:37+00:00,0.0,2026-04-18T21:06:37+00:00,-0.001,-0.001
Highest temperature in Chongqing on April 19?,https://polymarket.com/event/highest-temperature-in-chongqing-on-april-19-2026,2026-04-18T21:06:37+00:00,2026-04-18T21:06:37+00:00,open_meteo,Open-Meteo,https://api.open-meteo.com/v1/forecast?latitude=29.56026&longitude=106.55771&daily=temperature_2m_max&start_date=2026-04-19&end_date=2026-04-19&temperature_unit=celsius&timezone=auto,Open-Meteo daily temperature_2m_max forecast for Chongqing on 2026-04-19,30.3,C,30.0,C,29.56026,106.55771,Asia/Shanghai,Will the highest temperature in Chongqing be 21°C or below on April 19?,,,,,,,,,,,,,
Highest temperature in Beijing on April 19?,https://polymarket.com/event/highest-temperature-in-beijing-on-april-19-2026,2026-04-18T21:06:37+00:00,2026-04-18T21:06:37+00:00,open_meteo,Open-Meteo,https://api.open-meteo.com/v1/forecast?latitude=39.9075&longitude=116.39723&daily=temperature_2m_max&start_date=2026-04-19&end_date=2026-04-19&temperature_unit=celsius&timezone=auto,Open-Meteo daily temperature_2m_max forecast for Beijing on 2026-04-19,22.6,C,23.0,C,39.9075,116.39723,Asia/Shanghai,Will the highest temperature in Beijing be 19°C or below on April 19?,,,,,,,,,,,,,
Highest temperature in Wuhan on April 19?,https://polymarket.com/event/highest-temperature-in-wuhan-on-april-19-2026,2026-04-18T21:06:37+00:00,2026-04-18T21:06:37+00:00,open_meteo,Open-Meteo,https://api.open-meteo.com/v1/forecast?latitude=30.58333&longitude=114.26667&daily=temperature_2m_max&start_date=2026-04-19&end_date=2026-04-19&temperature_unit=celsius&timezone=auto,Open-Meteo daily temperature_2m_max forecast for Wuhan on 2026-04-19,29.6,C,30.0,C,30.58333,114.26667,Asia/Shanghai,Will the highest temperature in Wuhan be 25°C or below on April 19?,0.0005,0.0,0.001,0.0005,0.0,0.001,0.001,0.0005,2026-04-18T21:06:37+00:00,0.0,2026-04-18T21:06:37+00:00,-0.001,-0.001
Highest temperature in Chengdu on April 19?,https://polymarket.com/event/highest-temperature-in-chengdu-on-april-19-2026,2026-04-18T21:06:37+00:00,2026-04-18T21:06:37+00:00,open_meteo,Open-Meteo,https://api.open-meteo.com/v1/forecast?latitude=30.66667&longitude=104.06667&daily=temperature_2m_max&start_date=2026-04-19&end_date=2026-04-19&temperature_unit=celsius&timezone=auto,Open-Meteo daily temperature_2m_max forecast for Chengdu on 2026-04-19,25.2,C,25.0,C,30.66667,104.06667,Asia/Shanghai,Will the highest temperature in Chengdu be 22°C or below on April 19?,,,,,,,,,,,,,
Highest temperature in Shenzhen on April 19?,https://polymarket.com/event/highest-temperature-in-shenzhen-on-april-19-2026,2026-04-18T21:06:37+00:00,2026-04-18T21:06:37+00:00,open_meteo,Open-Meteo,https://api.open-meteo.com/v1/forecast?latitude=22.54554&longitude=114.0683&daily=temperature_2m_max&start_date=2026-04-19&end_date=2026-04-19&temperature_unit=celsius&timezone=auto,Open-Meteo daily temperature_2m_max forecast for Shenzhen on 2026-04-19,30.2,C,30.0,C,22.54554,114.0683,Asia/Shanghai,Will the highest temperature in Shenzhen be 22°C or below on April 19?,,,,,,,,,,,,,
Highest temperature in Austin on April 19?,https://polymarket.com/event/highest-temperature-in-austin-on-april-19-2026,2026-04-18T21:06:37+00:00,2026-04-18T21:06:37+00:00,open_meteo,Open-Meteo,https://api.open-meteo.com/v1/forecast?latitude=30.26715&longitude=-97.74306&daily=temperature_2m_max&start_date=2026-04-19&end_date=2026-04-19&temperature_unit=fahrenheit&timezone=auto,Open-Meteo daily temperature_2m_max forecast for Austin on 2026-04-19,74.5,F,75.0,F,30.26715,-97.74306,America/Chicago,Will the highest temperature in Austin be 69°F or below on April 19?,0.0415,0.033,0.05,0.0415,0.033,0.05,0.017,0.0415,2026-04-18T21:06:37+00:00,0.033,2026-04-18T21:06:37+00:00,-0.017,-0.017
Highest temperature in Denver on April 19?,https://polymarket.com/event/highest-temperature-in-denver-on-april-19-2026,2026-04-18T21:06:37+00:00,2026-04-18T21:06:37+00:00,open_meteo,Open-Meteo,https://api.open-meteo.com/v1/forecast?latitude=39.73915&longitude=-104.9847&daily=temperature_2m_max&start_date=2026-04-19&end_date=2026-04-19&temperature_unit=fahrenheit&timezone=auto,Open-Meteo daily temperature_2m_max forecast for Denver on 2026-04-19,71.8,F,72.0,F,39.73915,-104.9847,America/Denver,Will the highest temperature in Denver be 57°F or below on April 19?,0.0035,0.003,0.004,0.0035,0.003,0.004,0.001,0.0035,2026-04-18T21:06:37+00:00,0.003,2026-04-18T21:06:37+00:00,-0.001,-0.001
Highest temperature in Houston on April 19?,https://polymarket.com/event/highest-temperature-in-houston-on-april-19-2026,2026-04-18T21:06:37+00:00,2026-04-18T21:06:37+00:00,open_meteo,Open-Meteo,https://api.open-meteo.com/v1/forecast?latitude=29.76328&longitude=-95.36327&daily=temperature_2m_max&start_date=2026-04-19&end_date=2026-04-19&temperature_unit=fahrenheit&timezone=auto,Open-Meteo daily temperature_2m_max forecast for Houston on 2026-04-19,66.1,F,66.0,F,29.76328,-95.36327,America/Chicago,Will the highest temperature in Houston be 65°F or below on April 19?,0.0165,0.013,0.02,0.0165,0.013,0.02,0.007000000000000001,0.0165,2026-04-18T21:06:37+00:00,0.013,2026-04-18T21:06:37+00:00,-0.007000000000000001,-0.007000000000000001
Highest temperature in Los Angeles on April 19?,https://polymarket.com/event/highest-temperature-in-los-angeles-on-april-19-2026,2026-04-18T21:06:37+00:00,2026-04-18T21:06:37+00:00,open_meteo,Open-Meteo,https://api.open-meteo.com/v1/forecast?latitude=34.05223&longitude=-118.24368&daily=temperature_2m_max&start_date=2026-04-19&end_date=2026-04-19&temperature_unit=fahrenheit&timezone=auto,Open-Meteo daily temperature_2m_max forecast for Los Angeles on 2026-04-19,76.6,F,77.0,F,34.05223,-118.24368,America/Los_Angeles,Will the highest temperature in Los Angeles be 55°F or below on April 19?,0.0015,0.0,0.003,0.0015,0.0,0.003,0.003,0.0015,2026-04-18T21:06:37+00:00,0.0,2026-04-18T21:06:37+00:00,-0.003,-0.003
Highest temperature in San Francisco on April 19?,https://polymarket.com/event/highest-temperature-in-san-francisco-on-april-19-2026,2026-04-18T21:06:37+00:00,2026-04-18T21:06:37+00:00,open_meteo,Open-Meteo,https://api.open-meteo.com/v1/forecast?latitude=37.77493&longitude=-122.41942&daily=temperature_2m_max&start_date=2026-04-19&end_date=2026-04-19&temperature_unit=fahrenheit&timezone=auto,Open-Meteo daily temperature_2m_max forecast for San Francisco on 2026-04-19,60.6,F,61.0,F,37.77493,-122.41942,America/Los_Angeles,Will the highest temperature in San Francisco be 51°F or below on April 19?,0.0025,0.0,0.003,0.0025,0.0,0.003,0.003,0.0025,2026-04-18T21:06:37+00:00,0.0,2026-04-18T21:06:37+00:00,-0.003,-0.003
Highest temperature in Moscow on April 19?,https://polymarket.com/event/highest-temperature-in-moscow-on-april-19-2026,2026-04-18T21:06:37+00:00,2026-04-18T21:06:37+00:00,open_meteo,Open-Meteo,https://api.open-meteo.com/v1/forecast?latitude=55.75222&longitude=37.61556&daily=temperature_2m_max&start_date=2026-04-19&end_date=2026-04-19&temperature_unit=celsius&timezone=auto,Open-Meteo daily temperature_2m_max forecast for Moscow on 2026-04-19,5.0,C,5.0,C,55.75222,37.61556,Europe/Moscow,Will the highest temperature in Moscow be -1°C or below on April 19?,0.0005,0.0,0.001,0.0005,0.0,0.001,0.001,0.0005,2026-04-18T21:06:37+00:00,0.0,2026-04-18T21:06:37+00:00,-0.001,-0.001
Highest temperature in Istanbul on April 19?,https://polymarket.com/event/highest-temperature-in-istanbul-on-april-19-2026,2026-04-18T21:06:37+00:00,2026-04-18T21:06:37+00:00,open_meteo,Open-Meteo,https://api.open-meteo.com/v1/forecast?latitude=41.01384&longitude=28.94966&daily=temperature_2m_max&start_date=2026-04-19&end_date=2026-04-19&temperature_unit=celsius&timezone=auto,Open-Meteo daily temperature_2m_max forecast for Istanbul on 2026-04-19,16.0,C,16.0,C,41.01384,28.94966,Europe/Istanbul,Will the highest temperature in Istanbul be 10°C on April 19?,0.0025,0.002,0.003,0.0025,0.002,0.003,0.001,0.0025,2026-04-18T21:06:37+00:00,0.002,2026-04-18T21:06:37+00:00,-0.001,-0.001
Highest temperature in Mexico City on April 19?,https://polymarket.com/event/highest-temperature-in-mexico-city-on-april-19-2026,2026-04-18T21:06:37+00:00,2026-04-18T21:06:37+00:00,open_meteo,Open-Meteo,https://api.open-meteo.com/v1/forecast?latitude=19.42847&longitude=-99.12766&daily=temperature_2m_max&start_date=2026-04-19&end_date=2026-04-19&temperature_unit=celsius&timezone=auto,Open-Meteo daily temperature_2m_max forecast for Mexico City on 2026-04-19,25.1,C,25.0,C,19.42847,-99.12766,America/Mexico_City,Will the highest temperature in Mexico City be 18°C or below on April 19?,0.0015,0.0,0.001,0.0015,0.0,0.001,0.001,0.0015,2026-04-18T21:06:37+00:00,0.0,2026-04-18T21:06:37+00:00,-0.001,-0.001
Highest temperature in Busan on April 19?,https://polymarket.com/event/highest-temperature-in-busan-on-april-19-2026,2026-04-18T21:06:37+00:00,2026-04-18T21:06:37+00:00,open_meteo,Open-Meteo,https://api.open-meteo.com/v1/forecast?latitude=35.10168&longitude=129.03004&daily=temperature_2m_max&start_date=2026-04-19&end_date=2026-04-19&temperature_unit=celsius&timezone=auto,Open-Meteo daily temperature_2m_max forecast for Busan on 2026-04-19,19.8,C,20.0,C,35.10168,129.03004,Asia/Seoul,Will the highest temperature in Busan be 17°C or below on April 19?,0.0005,0.0,0.001,0.0005,0.0,0.001,0.001,0.0005,2026-04-18T21:06:37+00:00,0.0,2026-04-18T21:06:37+00:00,-0.001,-0.001
Highest temperature in Amsterdam on April 19?,https://polymarket.com/event/highest-temperature-in-amsterdam-on-april-19-2026,2026-04-18T21:06:37+00:00,2026-04-18T21:06:37+00:00,open_meteo,Open-Meteo,https://api.open-meteo.com/v1/forecast?latitude=52.37403&longitude=4.88969&daily=temperature_2m_max&start_date=2026-04-19&end_date=2026-04-19&temperature_unit=celsius&timezone=auto,Open-Meteo daily temperature_2m_max forecast for Amsterdam on 2026-04-19,14.2,C,14.0,C,52.37403,4.88969,Europe/Amsterdam,Will the highest temperature in Amsterdam be 10°C on April 19?,0.0065,0.003,0.01,0.0065,0.003,0.01,0.007,0.0065,2026-04-18T21:06:37+00:00,0.003,2026-04-18T21:06:37+00:00,-0.007,-0.007
Highest temperature in Helsinki on April 19?,https://polymarket.com/event/highest-temperature-in-helsinki-on-april-19-2026,2026-04-18T21:06:37+00:00,2026-04-18T21:06:37+00:00,open_meteo,Open-Meteo,https://api.open-meteo.com/v1/forecast?latitude=60.16952&longitude=24.93545&daily=temperature_2m_max&start_date=2026-04-19&end_date=2026-04-19&temperature_unit=celsius&timezone=auto,Open-Meteo daily temperature_2m_max forecast for Helsinki on 2026-04-19,8.9,C,9.0,C,60.16952,24.93545,Europe/Helsinki,Will the highest temperature in Helsinki be 10°C on April 19?,0.45,0.44,0.46,0.45,0.44,0.46,0.020000000000000018,0.45,2026-04-18T21:06:37+00:00,0.44,2026-04-18T21:06:37+00:00,-0.020000000000000018,-0.020000000000000018
Highest temperature in Panama City on April 19?,https://polymarket.com/event/highest-temperature-in-panama-city-on-april-19-2026,2026-04-18T21:06:37+00:00,2026-04-18T21:06:37+00:00,open_meteo,Open-Meteo,https://api.open-meteo.com/v1/forecast?latitude=8.9936&longitude=-79.51973&daily=temperature_2m_max&start_date=2026-04-19&end_date=2026-04-19&temperature_unit=celsius&timezone=auto,Open-Meteo daily temperature_2m_max forecast for Panama City on 2026-04-19,34.3,C,34.0,C,8.9936,-79.51973,America/Panama,Will the highest temperature in Panama City be 21°C or below on April 19?,0.001,0.0,0.001,0.001,0.0,0.001,0.001,0.001,2026-04-18T21:06:37+00:00,0.0,2026-04-18T21:06:37+00:00,-0.001,-0.001
Highest temperature in Kuala Lumpur on April 19?,https://polymarket.com/event/highest-temperature-in-kuala-lumpur-on-april-19-2026,2026-04-18T21:06:37+00:00,2026-04-18T21:06:37+00:00,polymarket_page_summary,"Malaysian Meteorological Department (METMalaysia) district forecasts projecting a 34°C maximum tempered by scattered afternoon thunderstorms that enhance cloud cover and convective cooling. Current observations from official stations, including around 28–30°C midday amid building cumulus activity, align with this positioning, consistent with April's equatorial inter-monsoon patterns where highs typically peak at 33–34°C but precipitation caps extremes. Realistic challenges include unexpected mid-afternoon clearing skies permitting prolonged solar heating to 34°C or higher before evening stabilization; METMalaysia hourly updates and final daily records from Subang station will confirm resolution by late day."",""context_requires_regen"":true,""context_updated_at"":""2026-04-08T19:08:42.621Z""}},{""id"":""349026"",""ticker"":""highest-temperature-in-kuala-lumpur-on-april-10-2026"",""slug"":""highest-temperature-in-kuala-lumpur-on-april-10-2026"",""title"":""Highest temperature in Kuala Lumpur on April 10?"",""description"":""This market will resolve to the temperature range that contains the highest temperature recorded at the Kuala Lumpur Intl Airport Station in degrees Celsius on 10 Apr '26.\n\nThe resolution source for this market will be information from Wunderground, specifically the highest temperature recorded for all times on this day by the Forecast for the Kuala Lumpur Intl Airport Station once information is finalized, available here: https://www.wunderground.com/history/daily/my/sepang-district/WMKK.\n\nTo toggle between Fahrenheit and Celsius, click the gear icon next to the search bar and switch the Temperature setting between °F and °C.\n\nThis market can not resolve to \""Yes\"" until all data for this date has been finalized.\n\nThe resolution source for this market measures temperatures to whole degrees Celsius (eg, 9°C). Thus, this is the level of precision that will be used when resolving the market.\n\nAny revisions to temperatures recorded after data is finalized for this market's timeframe will not be considered for this market's resolution."",""resolutionSource"":""https://www.wunderground.com/history/daily/my/sepang-district/WMKK"",""startDate"":""2026-04-06T05:34:26.630823Z"",""creationDate"":""2026-04-06T05:34:26.630776Z"",""endDate"":""2026-04-10T12:00:00Z"",""image"":""https://polymarket-upload.s3.us-east-2.amazonaws.com/kuala-2535fee773.jpg"",""icon"":""https://polymarket-upload.s3.us-east-2.amazonaws.com/kuala-2535fee773.jpg"",""active"":true,""closed"":true,""archived"":false,""new"":false,""featured"":false,""restricted"":true,""volume"":69118.36001599999,""openInterest"":15318.810601000001,""createdAt"":""2026-04-06T04:08:44.211021Z"",""updatedAt"":""2026-04-18T19:27:36.925625Z"",""enableOrderBook"":true,""negRisk"":true,""negRiskMarketID"":""0x8d8e059ae06fc2502e254be2f45402e8b48cbbde758c76b36af2f77f71439d00"",""commentCount"":0,""tags"":[{""id"":""84"",""label"":""Weather"",""slug"":""weather"",""forceShow"":false,""publishedAt"":""2023-11-02 21:17:34.81+00"",""createdAt"":""2023-11-02T21:17:34.814Z"",""updatedAt"":""2026-03-09T22:33:58.564774Z"",""requiresTranslation"":false},{""id"":""101757"",""label"":""Recurring"",""slug"":""recurring"",""forceShow"":false,""createdAt"":""2025-02-01T00:45:26.493838Z"",""updatedAt"":""2026-04-17T17:25:43.117249Z"",""requiresTranslation"":false},{""id"":""102169"",""label"":""Hide From New"",""slug"":""hide-from-new"",""forceShow"":false,""createdAt"":""2025-05-23T18:47:07.430147Z"",""updatedAt"":""2026-04-17T20:28:28.912197Z"",""isCarousel"":false,""requiresTranslation"":false},{""id"":""103040"",""label"":""Daily Temperature"",""slug"":""daily-temperature"",""forceShow"":false,""createdAt"":""2025-12-31T06:10:27.471939Z"",""updatedAt"":""2026-04-17T20:53:11.600562Z"",""isCarousel"":false,""requiresTranslation"":false},{""id"":""104441"",""label"":""Kuala Lampur"",""slug"":""kuala-lampur"",""forceShow"":false,""createdAt"":""2026-04-03T00:39:23.742771Z"",""updatedAt"":""2026-04-15T21:03:59.511759Z"",""isCarousel"":false,""requiresTranslation"":false},{""id"":""104245"",""label"":""Rewards Automation 50 4.5 50"",""slug"":""rewards-automation-50-4pt5-50"",""forceShow"":false,""createdAt"":""2026-03-17T16:20:03.489328Z"",""updatedAt"":""2026-04-17T20:32:29.111305Z"",""isCarousel"":false,""requiresTranslation"":false},{""id"":""104596"",""label"":""Highest temperature"",""slug"":""highest-temperature"",""forceShow"":false,""createdAt"":""2026-04-14T17:30:54.763291Z"",""updatedAt"":""2026-04-17T20:53:51.670468Z"",""isCarousel"":false,""requiresTranslation"":false}],""cyom"":false,""closedTime"":""2026-04-10T19:27:35Z"",""showAllOutcomes"":true,""showMarketImages"":false,""automaticallyResolved"":true,""enableNegRisk"":true,""automaticallyActive"":true,""eventDate"":""2026-04-10"",""startTime"":""2026-04-06T04:08:44.12Z"",""seriesSlug"":""kuala-lumpur-daily-weather"",""negRiskAugmented"":false,""pendingDeployment"":false,""deploying"":false,""deployingTimestamp"":""2026-04-06T04:08:54.774079Z"",""requiresTranslation"":false,""eventMetadata"":{""context_description"":""Trader consensus on Polymarket assigns a 100% implied probability to a highest temperature of 33°C in Kuala Lumpur on April 10, 2026, backed by Malaysian Meteorological Department (METMalaysia) observations at the Kuala Lumpur International Airport station—the market's official resolution source—which recorded this precise daily maximum amid prevailing hot and humid conditions. Ongoing Level 1 heat alerts across Peninsular Malaysia reflect sustained high temperatures around 33–34°C, but isolated afternoon thunderstorms introduced cloud cover and brief precipitation, effectively capping peaks as forecasted. Historical April climatology supports this, with typical maxima near 33°C; realistic challenges would require a rare post-day data revision upward, though METMalaysia's evening bulletin is unlikely to alter the confirmed reading."",""context_requires_regen"":true,""context_updated_at"":""2026-04-10T18:53:24.065Z""}},{""id"":""352668"",""ticker"":""highest-temperature-in-kuala-lumpur-on-april-11-2026"",""slug"":""highest-temperature-in-kuala-lumpur-on-april-11-2026"",""title"":""Highest temperature in Kuala Lumpur on April 11?"",""description"":""This market will resolve to the temperature range that contains the highest temperature recorded at the Kuala Lumpur Intl Airport Station in degrees Celsius on 11 Apr '26.\n\nThe resolution source for this market will be information from Wunderground, specifically the highest temperature recorded for all times on this day by the Forecast for the Kuala Lumpur Intl Airport Station once information is finalized, available here: https://www.wunderground.com/history/daily/my/sepang-district/WMKK.\n\nTo toggle between Fahrenheit and Celsius, click the gear icon next to the search bar and switch the Temperature setting between °F and °C.\n\nThis market can not resolve to \""Yes\"" until all data for this date has been finalized.\n\nThe resolution source for this market measures temperatures to whole degrees Celsius (eg, 9°C). Thus, this is the level of precision that will be used when resolving the market.\n\nAny revisions to temperatures recorded after data is finalized for this market's timeframe will not be considered for this market's resolution."",""resolutionSource"":""https://www.wunderground.com/history/daily/my/sepang-district/WMKK"",""startDate"":""2026-04-07T05:07:42.016002Z"",""creationDate"":""2026-04-07T05:07:42.015992Z"",""endDate"":""2026-04-11T12:00:00Z"",""image"":""https://polymarket-upload.s3.us-east-2.amazonaws.com/kuala-2535fee773.jpg"",""icon"":""https://polymarket-upload.s3.us-east-2.amazonaws.com/kuala-2535fee773.jpg"",""active"":true,""closed"":true,""archived"":false,""new"":false,""featured"":false,""restricted"":true,""volume"":44622.673877999994,""openInterest"":12509.345705999998,""createdAt"":""2026-04-07T04:08:51.232464Z"",""updatedAt"":""2026-04-18T19:50:30.910064Z"",""enableOrderBook"":true,""negRisk"":true,""negRiskMarketID"":""0x186b7c5a423cf14ddd712e9abd23705d3920f9477c24d05e648ddf94e8795900"",""commentCount"":0,""tags"":[{""id"":""84"",""label"":""Weather"",""slug"":""weather"",""forceShow"":false,""publishedAt"":""2023-11-02 21:17:34.81+00"",""createdAt"":""2023-11-02T21:17:34.814Z"",""updatedAt"":""2026-03-09T22:33:58.564774Z"",""requiresTranslation"":false},{""id"":""101757"",""label"":""Recurring"",""slug"":""recurring"",""forceShow"":false,""createdAt"":""2025-02-01T00:45:26.493838Z"",""updatedAt"":""2026-04-17T17:25:43.117249Z"",""requiresTranslation"":false},{""id"":""102169"",""label"":""Hide From New"",""slug"":""hide-from-new"",""forceShow"":false,""createdAt"":""2025-05-23T18:47:07.430147Z"",""updatedAt"":""2026-04-17T20:28:28.912197Z"",""isCarousel"":false,""requiresTranslation"":false},{""id"":""103040"",""label"":""Daily Temperature"",""slug"":""daily-temperature"",""forceShow"":false,""createdAt"":""2025-12-31T06:10:27.471939Z"",""updatedAt"":""2026-04-17T20:53:11.600562Z"",""isCarousel"":false,""requiresTranslation"":false},{""id"":""104441"",""label"":""Kuala Lampur"",""slug"":""kuala-lampur"",""forceShow"":false,""createdAt"":""2026-04-03T00:39:23.742771Z"",""updatedAt"":""2026-04-15T21:03:59.511759Z"",""isCarousel"":false,""requiresTranslation"":false},{""id"":""104245"",""label"":""Rewards Automation 50 4.5 50"",""slug"":""rewards-automation-50-4pt5-50"",""forceShow"":false,""createdAt"":""2026-03-17T16:20:03.489328Z"",""updatedAt"":""2026-04-17T20:32:29.111305Z"",""isCarousel"":false,""requiresTranslation"":false},{""id"":""104596"",""label"":""Highest temperature"",""slug"":""highest-temperature"",""forceShow"":false,""createdAt"":""2026-04-14T17:30:54.763291Z"",""updatedAt"":""2026-04-17T20:53:51.670468Z"",""isCarousel"":false,""requiresTranslation"":false}],""cyom"":false,""closedTime"":""2026-04-11T20:13:43Z"",""showAllOutcomes"":true,""showMarketImages"":false,""automaticallyResolved"":true,""enableNegRisk"":true,""automaticallyActive"":true,""eventDate"":""2026-04-11"",""startTime"":""2026-04-07T04:08:51.13Z"",""seriesSlug"":""kuala-lumpur-daily-weather"",""negRiskAugmented"":false,""pendingDeployment"":false,""deploying"":false,""deployingTimestamp"":""2026-04-07T04:09:02.896266Z"",""requiresTranslation"":false,""eventMetadata"":{""context_description"":""Trader consensus on Polymarket assigns near-certain odds (100%) to a highest temperature of 33°C in Kuala Lumpur on April 11, 2026, driven by real-time observations from the Kuala Lumpur International Airport station—the market's official resolution source—peaking at 33°C during midday amid mostly clear mornings transitioning to isolated afternoon thunderstorms, as forecasted by MetMalaysia. These convective clouds capped surface heating, aligning with typical April climatology where highs average 32–34°C under equatorial conditions influenced by weakening northeast monsoon remnants. Late-day readings hover at 27–29°C with ongoing thunderstorm risks, leaving minimal window for 34°C+. Only an improbable full clearing before sunset could challenge this, but model consensus and current atmospheric stability strongly support the 33°C outcome."",""context_requires_regen"":true,""context_updated_at"":""2026-04-11T19:14:37.836Z""}},{""id"":""345441"",""ticker"":""highest-temperature-in-kuala-lumpur-on-april-9-2026"",""slug"":""highest-temperature-in-kuala-lumpur-on-april-9-2026"",""title"":""Highest temperature in Kuala Lumpur on April 9?"",""description"":""This market will resolve to the temperature range that contains the highest temperature recorded at the Kuala Lumpur Intl Airport Station in degrees Celsius on 9 Apr '26.\n\nThe resolution source for this market will be information from Wunderground, specifically the highest temperature recorded for all times on this day by the Forecast for the Kuala Lumpur Intl Airport Station once information is finalized, available here: https://www.wunderground.com/history/daily/my/sepang-district/WMKK.\n\nTo toggle between Fahrenheit and Celsius, click the gear icon next to the search bar and switch the Temperature setting between °F and °C.\n\nThis market can not resolve to \""Yes\"" until all data for this date has been finalized.\n\nThe resolution source for this market measures temperatures to whole degrees Celsius (eg, 9°C). Thus, this is the level of precision that will be used when resolving the market.\n\nAny revisions to temperatures recorded after data is finalized for this market's timeframe will not be considered for this market's resolution."",""resolutionSource"":""https://www.wunderground.com/history/daily/my/sepang-district/WMKK"",""startDate"":""2026-04-05T04:44:21.172532Z"",""creationDate"":""2026-04-05T04:44:21.172504Z"",""endDate"":""2026-04-09T12:00:00Z"",""image"":""https://polymarket-upload.s3.us-east-2.amazonaws.com/kuala-2535fee773.jpg"",""icon"":""https://polymarket-upload.s3.us-east-2.amazonaws.com/kuala-2535fee773.jpg"",""active"":true,""closed"":true,""archived"":false,""new"":false,""featured"":false,""restricted"":true,""volume"":48378.406300999995,""openInterest"":11908.339874999998,""createdAt"":""2026-04-05T04:09:32.482088Z"",""updatedAt"":""2026-04-18T20:38:31.013403Z"",""enableOrderBook"":true,""negRisk"":true,""negRiskMarketID"":""0xe3ab9850c6e0663c7c2afb816588c02bc7cf27cb461361dd89529985037c5a00"",""commentCount"":0,""tags"":[{""id"":""84"",""label"":""Weather"",""slug"":""weather"",""forceShow"":false,""publishedAt"":""2023-11-02 21:17:34.81+00"",""createdAt"":""2023-11-02T21:17:34.814Z"",""updatedAt"":""2026-03-09T22:33:58.564774Z"",""requiresTranslation"":false},{""id"":""101757"",""label"":""Recurring"",""slug"":""recurring"",""forceShow"":false,""createdAt"":""2025-02-01T00:45:26.493838Z"",""updatedAt"":""2026-04-17T17:25:43.117249Z"",""requiresTranslation"":false},{""id"":""102169"",""label"":""Hide From New"",""slug"":""hide-from-new"",""forceShow"":false,""createdAt"":""2025-05-23T18:47:07.430147Z"",""updatedAt"":""2026-04-17T20:28:28.912197Z"",""isCarousel"":false,""requiresTranslation"":false},{""id"":""103040"",""label"":""Daily Temperature"",""slug"":""daily-temperature"",""forceShow"":false,""createdAt"":""2025-12-31T06:10:27.471939Z"",""updatedAt"":""2026-04-17T20:53:11.600562Z"",""isCarousel"":false,""requiresTranslation"":false},{""id"":""104441"",""label"":""Kuala Lampur"",""slug"":""kuala-lampur"",""forceShow"":false,""createdAt"":""2026-04-03T00:39:23.742771Z"",""updatedAt"":""2026-04-15T21:03:59.511759Z"",""isCarousel"":false,""requiresTranslation"":false},{""id"":""104245"",""label"":""Rewards Automation 50 4.5 50"",""slug"":""rewards-automation-50-4pt5-50"",""forceShow"":false,""createdAt"":""2026-03-17T16:20:03.489328Z"",""updatedAt"":""2026-04-17T20:32:29.111305Z"",""isCarousel"":false,""requiresTranslation"":false},{""id"":""104596"",""label"":""Highest temperature"",""slug"":""highest-temperature"",""forceShow"":false,""createdAt"":""2026-04-14T17:30:54.763291Z"",""updatedAt"":""2026-04-17T20:53:51.670468Z"",""isCarousel"":false,""requiresTranslation"":false}],""cyom"":false,""closedTime"":""2026-04-09T20:02:41Z"",""showAllOutcomes"":true,""showMarketImages"":false,""automaticallyResolved"":true,""enableNegRisk"":true,""automaticallyActive"":true,""eventDate"":""2026-04-09"",""startTime"":""2026-04-05T04:09:32.381Z"",""seriesSlug"":""kuala-lumpur-daily-weather"",""negRiskAugmented"":false,""pendingDeployment"":false,""deploying"":false,""deployingTimestamp"":""2026-04-05T04:09:48.38941Z"",""requiresTranslation"":false,""eventMetadata"":{""context_description"":""Malaysian Meteorological Department (MetMalaysia) observations and forecast models confirm a maximum temperature of 34°C in Kuala Lumpur on April 9, driving the market's 100% implied probability on this outcome amid typical inter-monsoon conditions with clear mornings giving way to isolated afternoon thunderstorms that cap daytime heating. April climatology supports this, with historical daily highs averaging 33°C under high solar insolation and humidity near 80%, as equatorial positioning limits extremes beyond 35°C without prolonged clear skies. Realistic challenges include an unexpected delay in convective activity allowing late-afternoon solar warming, though current data trends and model consensus from ECMWF and GFS analogs make this improbable; final resolution awaits MetMalaysia's official daily report."",""context_requires_regen"":true,""context_updated_at"":""2026-04-09T20:07:02.507Z""}},{""id"":""356122"",""ticker"":""highest-temperature-in-kuala-lumpur-on-april-12-2026"",""slug"":""highest-temperature-in-kuala-lumpur-on-april-12-2026"",""title"":""Highest temperature in Kuala Lumpur on April 12?"",""description"":""This market will resolve to the temperature range that contains the highest temperature recorded at the Kuala Lumpur Intl Airport Station in degrees Celsius on 12 Apr '26.\n\nThe resolution source for this market will be information from Wunderground, specifically the highest temperature recorded for all times on this day by the Forecast for the Kuala Lumpur Intl Airport Station once information is finalized, available here: https://www.wunderground.com/history/daily/my/sepang-district/WMKK.\n\nTo toggle between Fahrenheit and Celsius, click the gear icon next to the search bar and switch the Temperature setting between °F and °C.\n\nThis market can not resolve to \""Yes\"" until all data for this date has been finalized.\n\nThe resolution source for this market measures temperatures to whole degrees Celsius (eg, 9°C). Thus, this is the level of precision that will be used when resolving the market.\n\nAny revisions to temperatures recorded after data is finalized for this market's timeframe will not be considered for this market's resolution."",""resolutionSource"":""https://www.wunderground.com/history/daily/my/sepang-district/WMKK"",""startDate"":""2026-04-08T05:08:25.676142Z"",""creationDate"":""2026-04-08T05:08:25.676129Z"",""endDate"":""2026-04-12T12:00:00Z"",""image"":""https://polymarket-upload.s3.us-east-2.amazonaws.com/kuala-2535fee773.jpg"",""icon"":""https://polymarket-upload.s3.us-east-2.amazonaws.com/kuala-2535fee773.jpg"",""active"":true,""closed"":true,""archived"":false,""new"":false,""featured"":false,""restricted"":true,""volume"":44532.916971000006,""openInterest"":12966.301041,""createdAt"":""2026-04-08T04:09:39.884172Z"",""updatedAt"":""2026-04-18T19:24:11.991989Z"",""enableOrderBook"":true,""negRisk"":true,""negRiskMarketID"":""0x4ea516db1bb37ec5119c60481fd26a5a5b9ac20eb81f88019ac5b8a27db0f400"",""commentCount"":0,""tags"":[{""id"":""84"",""label"":""Weather"",""slug"":""weather"",""forceShow"":false,""publishedAt"":""2023-11-02 21:17:34.81+00"",""createdAt"":""2023-11-02T21:17:34.814Z"",""updatedAt"":""2026-03-09T22:33:58.564774Z"",""requiresTranslation"":false},{""id"":""101757"",""label"":""Recurring"",""slug"":""recurring"",""forceShow"":false,""createdAt"":""2025-02-01T00:45:26.493838Z"",""updatedAt"":""2026-04-17T17:25:43.117249Z"",""requiresTranslation"":false},{""id"":""102169"",""label"":""Hide From New"",""slug"":""hide-from-new"",""forceShow"":false,""createdAt"":""2025-05-23T18:47:07.430147Z"",""updatedAt"":""2026-04-17T20:28:28.912197Z"",""isCarousel"":false,""requiresTranslation"":false},{""id"":""103040"",""label"":""Daily Temperature"",""slug"":""daily-temperature"",""forceShow"":false,""createdAt"":""2025-12-31T06:10:27.471939Z"",""updatedAt"":""2026-04-17T20:53:11.600562Z"",""isCarousel"":false,""requiresTranslation"":false},{""id"":""104441"",""label"":""Kuala Lampur"",""slug"":""kuala-lampur"",""forceShow"":false,""createdAt"":""2026-04-03T00:39:23.742771Z"",""updatedAt"":""2026-04-15T21:03:59.511759Z"",""isCarousel"":false,""requiresTranslation"":false},{""id"":""104245"",""label"":""Rewards Automation 50 4.5 50"",""slug"":""rewards-automation-50-4pt5-50"",""forceShow"":false,""createdAt"":""2026-03-17T16:20:03.489328Z"",""updatedAt"":""2026-04-17T20:32:29.111305Z"",""isCarousel"":false,""requiresTranslation"":false},{""id"":""104596"",""label"":""Highest temperature"",""slug"":""highest-temperature"",""forceShow"":false,""createdAt"":""2026-04-14T17:30:54.763291Z"",""updatedAt"":""2026-04-17T20:53:51.670468Z"",""isCarousel"":false,""requiresTranslation"":false}],""cyom"":false,""closedTime"":""2026-04-12T19:09:59Z"",""showAllOutcomes"":true,""showMarketImages"":false,""automaticallyResolved"":true,""enableNegRisk"":true,""automaticallyActive"":true,""eventDate"":""2026-04-12"",""startTime"":""2026-04-08T04:09:39.787Z"",""seriesSlug"":""kuala-lumpur-daily-weather"",""negRiskAugmented"":false,""pendingDeployment"":false,""deploying"":false,""deployingTimestamp"":""2026-04-08T04:09:47.908711Z"",""requiresTranslation"":false,""eventMetadata"":{""context_description"":""Trader consensus on Polymarket has locked in a 100% implied probability for Kuala Lumpur's highest temperature reaching exactly 32°C on April 12, 2026, driven by official observational data from stations like those at Subang and Kuala Lumpur International Airport, where peaks hit 32.8°C (91°F) around noon before thunderstorms capped further heating. MetMalaysia forecasts initially projected up to 35°C, but widespread afternoon thunderstorms—issued in warnings until late day—introduced heavy cloud cover and sprinkles, inhibiting solar insolation and limiting the daily maximum, aligning with April climatological averages of 32–33°C amid the equatorial monsoon transition. Realistic challenges would require prolonged clearing skies post-4 PM for a late spike to 33°C or higher, though model consensus and current trends make this improbable as the day ends. Final observations from MetMalaysia will confirm resolution."",""context_requires_regen"":true,""context_updated_at"":""2026-04-12T19:11:47.336Z""}},{""id"":""359587"",""ticker"":""highest-temperature-in-kuala-lumpur-on-april-13-2026"",""slug"":""highest-temperature-in-kuala-lumpur-on-april-13-2026"",""title"":""Highest temperature in Kuala Lumpur on April 13?"",""description"":""This market will resolve to the temperature range that contains the highest temperature recorded at the Kuala Lumpur Intl Airport Station in degrees Celsius on 13 Apr '26.\n\nThe resolution source for this market will be information from Wunderground, specifically the highest temperature recorded for all times on this day by the Forecast for the Kuala Lumpur Intl Airport Station once information is finalized, available here: https://www.wunderground.com/history/daily/my/sepang-district/WMKK.\n\nTo toggle between Fahrenheit and Celsius, click the gear icon next to the search bar and switch the Temperature setting between °F and °C.\n\nThis market can not resolve to \""Yes\"" until all data for this date has been finalized.\n\nThe resolution source for this market measures temperatures to whole degrees Celsius (eg, 9°C). Thus, this is the level of precision that will be used when resolving the market.\n\nAny revisions to temperatures recorded after data is finalized for this market's timeframe will not be considered for this market's resolution."",""resolutionSource"":""https://www.wunderground.com/history/daily/my/sepang-district/WMKK"",""startDate"":""2026-04-09T04:48:08.765975Z"",""creationDate"":""2026-04-09T04:48:08.765962Z"",""endDate"":""2026-04-13T12:00:00Z"",""image"":""https://polymarket-upload.s3.us-east-2.amazonaws.com/kuala-2535fee773.jpg"",""icon"":""https://polymarket-upload.s3.us-east-2.amazonaws.com/kuala-2535fee773.jpg"",""active"":true,""closed"":true,""archived"":false,""new"":false,""featured"":false,""restricted"":true,""volume"":59705.549795,""openInterest"":12618.061566,""createdAt"":""2026-04-09T04:10:17.268893Z"",""updatedAt"":""2026-04-18T19:50:54.787677Z"",""enableOrderBook"":true,""negRisk"":true,""negRiskMarketID"":""0x921856a063c62324d8be123c1f9bdb0788ccefbdbd3d08383ca1d74687741900"",""commentCount"":0,""tags"":[{""id"":""84"",""label"":""Weather"",""slug"":""weather"",""forceShow"":false,""publishedAt"":""2023-11-02 21:17:34.81+00"",""createdAt"":""2023-11-02T21:17:34.814Z"",""updatedAt"":""2026-03-09T22:33:58.564774Z"",""requiresTranslation"":false},{""id"":""101757"",""label"":""Recurring"",""slug"":""recurring"",""forceShow"":false,""createdAt"":""2025-02-01T00:45:26.493838Z"",""updatedAt"":""2026-04-17T17:25:43.117249Z"",""requiresTranslation"":false},{""id"":""102169"",""label"":""Hide From New"",""slug"":""hide-from-new"",""forceShow"":false,""createdAt"":""2025-05-23T18:47:07.430147Z"",""updatedAt"":""2026-04-17T20:28:28.912197Z"",""isCarousel"":false,""requiresTranslation"":false},{""id"":""103040"",""label"":""Daily Temperature"",""slug"":""daily-temperature"",""forceShow"":false,""createdAt"":""2025-12-31T06:10:27.471939Z"",""updatedAt"":""2026-04-17T20:53:11.600562Z"",""isCarousel"":false,""requiresTranslation"":false},{""id"":""104441"",""label"":""Kuala Lampur"",""slug"":""kuala-lampur"",""forceShow"":false,""createdAt"":""2026-04-03T00:39:23.742771Z"",""updatedAt"":""2026-04-15T21:03:59.511759Z"",""isCarousel"":false,""requiresTranslation"":false},{""id"":""104245"",""label"":""Rewards Automation 50 4.5 50"",""slug"":""rewards-automation-50-4pt5-50"",""forceShow"":false,""createdAt"":""2026-03-17T16:20:03.489328Z"",""updatedAt"":""2026-04-17T20:32:29.111305Z"",""isCarousel"":false,""requiresTranslation"":false},{""id"":""104596"",""label"":""Highest temperature"",""slug"":""highest-temperature"",""forceShow"":false,""createdAt"":""2026-04-14T17:30:54.763291Z"",""updatedAt"":""2026-04-17T20:53:51.670468Z"",""isCarousel"":false,""requiresTranslation"":false}],""cyom"":false,""closedTime"":""2026-04-13T19:37:09Z"",""showAllOutcomes"":true,""showMarketImages"":false,""automaticallyResolved"":true,""enableNegRisk"":true,""automaticallyActive"":true,""eventDate"":""2026-04-13"",""startTime"":""2026-04-09T04:10:17.171Z"",""seriesSlug"":""kuala-lumpur-daily-weather"",""negRiskAugmented"":false,""pendingDeployment"":false,""deploying"":false,""deployingTimestamp"":""2026-04-09T04:10:34.304759Z"",""requiresTranslation"":false,""eventMetadata"":{""context_description"":""Trader consensus on Polymarket overwhelmingly backs 34°C as Kuala Lumpur's highest temperature on April 13, with 100% implied probability, driven by the Malaysian Meteorological Department's (METMalaysia) official forecast specifying a daytime maximum of 34°C amid isolated thunderstorms. This aligns with April climatology, where average highs hover around 33°C in the equatorial urban heat island of the city, supported by current observations showing peaks near this threshold and convective activity limiting further solar heating. Model consensus from regional forecasts reinforces stability, though a rare prolonged clear-sky window before sunset could enable brief spikes to 35°C via enhanced insolation. Final resolution awaits METMalaysia's end-of-day station data from key sites like Subang Airport."",""context_requires_regen"":true,""context_updated_at"":""2026-04-13T19:37:07.109Z""}},{""id"":""373622"",""ticker"":""highest-temperature-in-kuala-lumpur-on-april-15-2026"",""slug"":""highest-temperature-in-kuala-lumpur-on-april-15-2026"",""title"":""Highest temperature in Kuala Lumpur on April 15?"",""description"":""This market will resolve to the temperature range that contains the highest temperature recorded at the Kuala Lumpur Intl Airport Station in degrees Celsius on 15 Apr '26.\n\nThe resolution source for this market will be information from Wunderground, specifically the highest temperature recorded for all times on this day by the Forecast for the Kuala Lumpur Intl Airport Station once information is finalized, available here: https://www.wunderground.com/history/daily/my/sepang-district/WMKK.\n\nTo toggle between Fahrenheit and Celsius, click the gear icon next to the search bar and switch the Temperature setting between °F and °C.\n\nThis market can not resolve to \""Yes\"" until all data for this date has been finalized.\n\nThe resolution source for this market measures temperatures to whole degrees Celsius (eg, 9°C). Thus, this is the level of precision that will be used when resolving the market.\n\nAny revisions to temperatures recorded after data is finalized for this market's timeframe will not be considered for this market's resolution."",""resolutionSource"":""https://www.wunderground.com/history/daily/my/sepang-district/WMKK"",""startDate"":""2026-04-13T05:14:08.210697Z"",""creationDate"":""2026-04-13T05:14:08.210687Z"",""endDate"":""2026-04-15T12:00:00Z"",""image"":""https://polymarket-upload.s3.us-east-2.amazonaws.com/kuala-2535fee773.jpg"",""icon"":""https://polymarket-upload.s3.us-east-2.amazonaws.com/kuala-2535fee773.jpg"",""active"":true,""closed"":true,""archived"":false,""new"":false,""featured"":false,""restricted"":true,""volume"":140349.76714100002,""openInterest"":68357.574141,""createdAt"":""2026-04-13T04:06:07.832498Z"",""updatedAt"":""2026-04-18T20:41:24.217882Z"",""enableOrderBook"":true,""negRisk"":true,""negRiskMarketID"":""0xe307130e78672aac3b0d98542343d7b0eb2ce91f33bd397007c9ddefc894b700"",""commentCount"":0,""tags"":[{""id"":""84"",""label"":""Weather"",""slug"":""weather"",""forceShow"":false,""publishedAt"":""2023-11-02 21:17:34.81+00"",""createdAt"":""2023-11-02T21:17:34.814Z"",""updatedAt"":""2026-03-09T22:33:58.564774Z"",""requiresTranslation"":false},{""id"":""101757"",""label"":""Recurring"",""slug"":""recurring"",""forceShow"":false,""createdAt"":""2025-02-01T00:45:26.493838Z"",""updatedAt"":""2026-04-17T17:25:43.117249Z"",""requiresTranslation"":false},{""id"":""102169"",""label"":""Hide From New"",""slug"":""hide-from-new"",""forceShow"":false,""createdAt"":""2025-05-23T18:47:07.430147Z"",""updatedAt"":""2026-04-17T20:28:28.912197Z"",""isCarousel"":false,""requiresTranslation"":false},{""id"":""103040"",""label"":""Daily Temperature"",""slug"":""daily-temperature"",""forceShow"":false,""createdAt"":""2025-12-31T06:10:27.471939Z"",""updatedAt"":""2026-04-17T20:53:11.600562Z"",""isCarousel"":false,""requiresTranslation"":false},{""id"":""104441"",""label"":""Kuala Lampur"",""slug"":""kuala-lampur"",""forceShow"":false,""createdAt"":""2026-04-03T00:39:23.742771Z"",""updatedAt"":""2026-04-15T21:03:59.511759Z"",""isCarousel"":false,""requiresTranslation"":false},{""id"":""104245"",""label"":""Rewards Automation 50 4.5 50"",""slug"":""rewards-automation-50-4pt5-50"",""forceShow"":false,""createdAt"":""2026-03-17T16:20:03.489328Z"",""updatedAt"":""2026-04-17T20:32:29.111305Z"",""isCarousel"":false,""requiresTranslation"":false},{""id"":""104596"",""label"":""Highest temperature"",""slug"":""highest-temperature"",""forceShow"":false,""createdAt"":""2026-04-14T17:30:54.763291Z"",""updatedAt"":""2026-04-17T20:53:51.670468Z"",""isCarousel"":false,""requiresTranslation"":false},{""id"":""104615"",""label"":""temperature"",""slug"":""temperature"",""createdAt"":""2026-04-15T11:31:44.422445Z"",""updatedAt"":""2026-04-17T21:08:03.037589Z"",""requiresTranslation"":false}],""cyom"":false,""closedTime"":""2026-04-15T18:55:00Z"",""showAllOutcomes"":true,""showMarketImages"":false,""automaticallyResolved"":true,""enableNegRisk"":true,""automaticallyActive"":true,""eventDate"":""2026-04-15"",""startTime"":""2026-04-13T04:06:07.553Z"",""seriesSlug"":""kuala-lumpur-daily-weather"",""negRiskAugmented"":false,""pendingDeployment"":false,""deploying"":false,""deployingTimestamp"":""2026-04-13T04:06:16.96836Z"",""requiresTranslation"":false,""eventMetadata"":{""context_description"":""**Official observations from the Malaysian Meteorological Department (MetMalaysia) confirm Kuala Lumpur's highest temperature on April 15 reached exactly 32°C at key stations like Subang Airport, driving the market-implied 100% probability for this outcome amid real-money trader consensus.** Afternoon readings peaked under partly cloudy conditions with high humidity around 80-90% and light winds, preventing further intensification despite typical April climatology averaging 32-33°C maxima. Isolated thunderstorms noted in MetMalaysia's evening bulletin further capped heating potential. With the day concluding, realistic challenges would require a data revision from overlooked peripheral sensors exceeding 33°C—highly improbable given synchronized reports and historical measurement protocols. Final archived data expected shortly to resolve the market."",""context_requires_regen"":true,""context_updated_at"":""2026-04-15T18:49:50.856Z""}},{""id"":""387460"",""ticker"":""highest-temperature-in-kuala-lumpur-on-april-19-2026"",""slug"":""highest-temperature-in-kuala-lumpur-on-april-19-2026"",""title"":""Highest temperature in Kuala Lumpur on April 19?"",""description"":""This market will resolve to the temperature range that contains the highest temperature recorded at the Kuala Lumpur Intl Airport Station in degrees Celsius on 19 Apr '26.\n\nThe resolution source for this market will be information from Wunderground, specifically the highest temperature recorded for all times on this day by the Forecast for the Kuala Lumpur Intl Airport Station once information is finalized, available here: https://www.wunderground.com/history/daily/my/sepang-district/WMKK.\n\nTo toggle between Fahrenheit and Celsius, click the gear icon next to the search bar and switch the Temperature setting between °F and °C.\n\nThis market can not resolve to \""Yes\"" until all data for this date has been finalized.\n\nThe resolution source for this market measures temperatures to whole degrees Celsius (eg, 9°C). Thus, this is the level of precision that will be used when resolving the market.\n\nAny revisions to temperatures recorded after data is finalized for this market's timeframe will not be considered for this market's resolution."",""resolutionSource"":""https://www.wunderground.com/history/daily/my/sepang-district/WMKK"",""startDate"":""2026-04-17T04:33:11.657311Z"",""creationDate"":""2026-04-17T04:33:11.657295Z"",""endDate"":""2026-04-19T12:00:00Z"",""image"":""https://polymarket-upload.s3.us-east-2.amazonaws.com/kuala-2535fee773.jpg"",""icon"":""https://polymarket-upload.s3.us-east-2.amazonaws.com/kuala-2535fee773.jpg"",""active"":true,""closed"":false,""archived"":false,""new"":false,""featured"":false,""restricted"":true,""liquidity"":14551.48842,""volume"":16400.420460999998,""openInterest"":11663.473014999998,""createdAt"":""2026-04-17T04:06:26.689107Z"",""updatedAt"":""2026-04-18T20:44:14.104481Z"",""competitive"":0.9910557221079755,""volume24hr"":12176.364682,""volume1wk"":16400.420460999998,""volume1mo"":16400.420460999998,""volume1yr"":16400.420460999998,""enableOrderBook"":true,""liquidityClob"":14551.48842,""negRisk"":true,""negRiskMarketID"":""0x180ac229204db2a3be6e565873a4b4286d41b1cff2cc6f5a3dfc4d164607f600"",""commentCount"":0,""tags"":[{""id"":""84"",""label"":""Weather"",""slug"":""weather"",""forceShow"":false,""publishedAt"":""2023-11-02 21:17:34.81+00"",""createdAt"":""2023-11-02T21:17:34.814Z"",""updatedAt"":""2026-03-09T22:33:58.564774Z"",""requiresTranslation"":false},{""id"":""101757"",""label"":""Recurring"",""slug"":""recurring"",""forceShow"":false,""createdAt"":""2025-02-01T00:45:26.493838Z"",""updatedAt"":""2026-04-17T17:25:43.117249Z"",""requiresTranslation"":false},{""id"":""102169"",""label"":""Hide From New"",""slug"":""hide-from-new"",""forceShow"":false,""createdAt"":""2025-05-23T18:47:07.430147Z"",""updatedAt"":""2026-04-17T20:28:28.912197Z"",""isCarousel"":false,""requiresTranslation"":false},{""id"":""103040"",""label"":""Daily Temperature"",""slug"":""daily-temperature"",""forceShow"":false,""createdAt"":""2025-12-31T06:10:27.471939Z"",""updatedAt"":""2026-04-17T20:53:11.600562Z"",""isCarousel"":false,""requiresTranslation"":false},{""id"":""104441"",""label"":""Kuala Lampur"",""slug"":""kuala-lampur"",""forceShow"":false,""createdAt"":""2026-04-03T00:39:23.742771Z"",""updatedAt"":""2026-04-15T21:03:59.511759Z"",""isCarousel"":false,""requiresTranslation"":false},{""id"":""104245"",""label"":""Rewards Automation 50 4.5 50"",""slug"":""rewards-automation-50-4pt5-50"",""forceShow"":false,""createdAt"":""2026-03-17T16:20:03.489328Z"",""updatedAt"":""2026-04-17T20:32:29.111305Z"",""isCarousel"":false,""requiresTranslation"":false},{""id"":""104596"",""label"":""Highest temperature"",""slug"":""highest-temperature"",""forceShow"":false,""createdAt"":""2026-04-14T17:30:54.763291Z"",""updatedAt"":""2026-04-17T20:53:51.670468Z"",""isCarousel"":false,""requiresTranslation"":false}],""cyom"":false,""showAllOutcomes"":true,""showMarketImages"":false,""enableNegRisk"":true,""automaticallyActive"":true,""eventDate"":""2026-04-19"",""startTime"":""2026-04-17T04:06:26.595Z"",""seriesSlug"":""kuala-lumpur-daily-weather"",""negRiskAugmented"":false,""pendingDeployment"":false,""deploying"":false,""deployingTimestamp"":""2026-04-17T04:06:33.719283Z"",""requiresTranslation"":false,""eventMetadata"":{""context_description"":""Trader consensus on Polymarket favors 32°C (40.5% implied probability) as Kuala Lumpur's highest temperature on April 19 at the Kuala Lumpur International Airport station, driven by MetMalaysia",https://polymarket.com/event/highest-temperature-in-kuala-lumpur-on-april-19-2026,"reflecting Malaysian Meteorological Department (METMalaysia) district forecasts projecting a 34°C maximum tempered by scattered afternoon thunderstorms that enhance cloud cover and convective cooling. Current observations from official stations, including around 28–30°C midday amid building cumulus activity, align with this positioning, consistent with April's equatorial inter-monsoon patterns where highs typically peak at 33–34°C but precipitation caps extremes. Realistic challenges include unexpected mid-afternoon clearing skies permitting prolonged solar heating to 34°C or higher before evening stabilization; METMalaysia hourly updates and final daily records from Subang station will confirm resolution by late day."",""context_requires_regen"":true,""context_updated_at"":""2026-04-08T19:08:42.621Z""}},{""id"":""349026"",""ticker"":""highest-temperature-in-kuala-lumpur-on-april-10-2026"",""slug"":""highest-temperature-in-kuala-lumpur-on-april-10-2026"",""title"":""Highest temperature in Kuala Lumpur on April 10?"",""description"":""This market will resolve to the temperature range that contains the highest temperature recorded at the Kuala Lumpur Intl Airport Station in degrees Celsius on 10 Apr '26.\n\nThe resolution source for this market will be information from Wunderground, specifically the highest temperature recorded for all times on this day by the Forecast for the Kuala Lumpur Intl Airport Station once information is finalized, available here: https://www.wunderground.com/history/daily/my/sepang-district/WMKK.\n\nTo toggle between Fahrenheit and Celsius, click the gear icon next to the search bar and switch the Temperature setting between °F and °C.\n\nThis market can not resolve to \""Yes\"" until all data for this date has been finalized.\n\nThe resolution source for this market measures temperatures to whole degrees Celsius (eg, 9°C). Thus, this is the level of precision that will be used when resolving the market.\n\nAny revisions to temperatures recorded after data is finalized for this market's timeframe will not be considered for this market's resolution."",""resolutionSource"":""https://www.wunderground.com/history/daily/my/sepang-district/WMKK"",""startDate"":""2026-04-06T05:34:26.630823Z"",""creationDate"":""2026-04-06T05:34:26.630776Z"",""endDate"":""2026-04-10T12:00:00Z"",""image"":""https://polymarket-upload.s3.us-east-2.amazonaws.com/kuala-2535fee773.jpg"",""icon"":""https://polymarket-upload.s3.us-east-2.amazonaws.com/kuala-2535fee773.jpg"",""active"":true,""closed"":true,""archived"":false,""new"":false,""featured"":false,""restricted"":true,""volume"":69118.36001599999,""openInterest"":15318.810601000001,""createdAt"":""2026-04-06T04:08:44.211021Z"",""updatedAt"":""2026-04-18T19:27:36.925625Z"",""enableOrderBook"":true,""negRisk"":true,""negRiskMarketID"":""0x8d8e059ae06fc2502e254be2f45402e8b48cbbde758c76b36af2f77f71439d00"",""commentCount"":0,""tags"":[{""id"":""84"",""label"":""Weather"",""slug"":""weather"",""forceShow"":false,""publishedAt"":""2023-11-02 21:17:34.81+00"",""createdAt"":""2023-11-02T21:17:34.814Z"",""updatedAt"":""2026-03-09T22:33:58.564774Z"",""requiresTranslation"":false},{""id"":""101757"",""label"":""Recurring"",""slug"":""recurring"",""forceShow"":false,""createdAt"":""2025-02-01T00:45:26.493838Z"",""updatedAt"":""2026-04-17T17:25:43.117249Z"",""requiresTranslation"":false},{""id"":""102169"",""label"":""Hide From New"",""slug"":""hide-from-new"",""forceShow"":false,""createdAt"":""2025-05-23T18:47:07.430147Z"",""updatedAt"":""2026-04-17T20:28:28.912197Z"",""isCarousel"":false,""requiresTranslation"":false},{""id"":""103040"",""label"":""Daily Temperature"",""slug"":""daily-temperature"",""forceShow"":false,""createdAt"":""2025-12-31T06:10:27.471939Z"",""updatedAt"":""2026-04-17T20:53:11.600562Z"",""isCarousel"":false,""requiresTranslation"":false},{""id"":""104441"",""label"":""Kuala Lampur"",""slug"":""kuala-lampur"",""forceShow"":false,""createdAt"":""2026-04-03T00:39:23.742771Z"",""updatedAt"":""2026-04-15T21:03:59.511759Z"",""isCarousel"":false,""requiresTranslation"":false},{""id"":""104245"",""label"":""Rewards Automation 50 4.5 50"",""slug"":""rewards-automation-50-4pt5-50"",""forceShow"":false,""createdAt"":""2026-03-17T16:20:03.489328Z"",""updatedAt"":""2026-04-17T20:32:29.111305Z"",""isCarousel"":false,""requiresTranslation"":false},{""id"":""104596"",""label"":""Highest temperature"",""slug"":""highest-temperature"",""forceShow"":false,""createdAt"":""2026-04-14T17:30:54.763291Z"",""updatedAt"":""2026-04-17T20:53:51.670468Z"",""isCarousel"":false,""requiresTranslation"":false}],""cyom"":false,""closedTime"":""2026-04-10T19:27:35Z"",""showAllOutcomes"":true,""showMarketImages"":false,""automaticallyResolved"":true,""enableNegRisk"":true,""automaticallyActive"":true,""eventDate"":""2026-04-10"",""startTime"":""2026-04-06T04:08:44.12Z"",""seriesSlug"":""kuala-lumpur-daily-weather"",""negRiskAugmented"":false,""pendingDeployment"":false,""deploying"":false,""deployingTimestamp"":""2026-04-06T04:08:54.774079Z"",""requiresTranslation"":false,""eventMetadata"":{""context_description"":""Trader consensus on Polymarket assigns a 100% implied probability to a highest temperature of 33°C in Kuala Lumpur on April 10, 2026, backed by Malaysian Meteorological Department (METMalaysia) observations at the Kuala Lumpur International Airport station—the market's official resolution source—which recorded this precise daily maximum amid prevailing hot and humid conditions. Ongoing Level 1 heat alerts across Peninsular Malaysia reflect sustained high temperatures around 33–34°C, but isolated afternoon thunderstorms introduced cloud cover and brief precipitation, effectively capping peaks as forecasted. Historical April climatology supports this, with typical maxima near 33°C; realistic challenges would require a rare post-day data revision upward, though METMalaysia's evening bulletin is unlikely to alter the confirmed reading."",""context_requires_regen"":true,""context_updated_at"":""2026-04-10T18:53:24.065Z""}},{""id"":""352668"",""ticker"":""highest-temperature-in-kuala-lumpur-on-april-11-2026"",""slug"":""highest-temperature-in-kuala-lumpur-on-april-11-2026"",""title"":""Highest temperature in Kuala Lumpur on April 11?"",""description"":""This market will resolve to the temperature range that contains the highest temperature recorded at the Kuala Lumpur Intl Airport Station in degrees Celsius on 11 Apr '26.\n\nThe resolution source for this market will be information from Wunderground, specifically the highest temperature recorded for all times on this day by the Forecast for the Kuala Lumpur Intl Airport Station once information is finalized, available here: https://www.wunderground.com/history/daily/my/sepang-district/WMKK.\n\nTo toggle between Fahrenheit and Celsius, click the gear icon next to the search bar and switch the Temperature setting between °F and °C.\n\nThis market can not resolve to \""Yes\"" until all data for this date has been finalized.\n\nThe resolution source for this market measures temperatures to whole degrees Celsius (eg, 9°C). Thus, this is the level of precision that will be used when resolving the market.\n\nAny revisions to temperatures recorded after data is finalized for this market's timeframe will not be considered for this market's resolution."",""resolutionSource"":""https://www.wunderground.com/history/daily/my/sepang-district/WMKK"",""startDate"":""2026-04-07T05:07:42.016002Z"",""creationDate"":""2026-04-07T05:07:42.015992Z"",""endDate"":""2026-04-11T12:00:00Z"",""image"":""https://polymarket-upload.s3.us-east-2.amazonaws.com/kuala-2535fee773.jpg"",""icon"":""https://polymarket-upload.s3.us-east-2.amazonaws.com/kuala-2535fee773.jpg"",""active"":true,""closed"":true,""archived"":false,""new"":false,""featured"":false,""restricted"":true,""volume"":44622.673877999994,""openInterest"":12509.345705999998,""createdAt"":""2026-04-07T04:08:51.232464Z"",""updatedAt"":""2026-04-18T19:50:30.910064Z"",""enableOrderBook"":true,""negRisk"":true,""negRiskMarketID"":""0x186b7c5a423cf14ddd712e9abd23705d3920f9477c24d05e648ddf94e8795900"",""commentCount"":0,""tags"":[{""id"":""84"",""label"":""Weather"",""slug"":""weather"",""forceShow"":false,""publishedAt"":""2023-11-02 21:17:34.81+00"",""createdAt"":""2023-11-02T21:17:34.814Z"",""updatedAt"":""2026-03-09T22:33:58.564774Z"",""requiresTranslation"":false},{""id"":""101757"",""label"":""Recurring"",""slug"":""recurring"",""forceShow"":false,""createdAt"":""2025-02-01T00:45:26.493838Z"",""updatedAt"":""2026-04-17T17:25:43.117249Z"",""requiresTranslation"":false},{""id"":""102169"",""label"":""Hide From New"",""slug"":""hide-from-new"",""forceShow"":false,""createdAt"":""2025-05-23T18:47:07.430147Z"",""updatedAt"":""2026-04-17T20:28:28.912197Z"",""isCarousel"":false,""requiresTranslation"":false},{""id"":""103040"",""label"":""Daily Temperature"",""slug"":""daily-temperature"",""forceShow"":false,""createdAt"":""2025-12-31T06:10:27.471939Z"",""updatedAt"":""2026-04-17T20:53:11.600562Z"",""isCarousel"":false,""requiresTranslation"":false},{""id"":""104441"",""label"":""Kuala Lampur"",""slug"":""kuala-lampur"",""forceShow"":false,""createdAt"":""2026-04-03T00:39:23.742771Z"",""updatedAt"":""2026-04-15T21:03:59.511759Z"",""isCarousel"":false,""requiresTranslation"":false},{""id"":""104245"",""label"":""Rewards Automation 50 4.5 50"",""slug"":""rewards-automation-50-4pt5-50"",""forceShow"":false,""createdAt"":""2026-03-17T16:20:03.489328Z"",""updatedAt"":""2026-04-17T20:32:29.111305Z"",""isCarousel"":false,""requiresTranslation"":false},{""id"":""104596"",""label"":""Highest temperature"",""slug"":""highest-temperature"",""forceShow"":false,""createdAt"":""2026-04-14T17:30:54.763291Z"",""updatedAt"":""2026-04-17T20:53:51.670468Z"",""isCarousel"":false,""requiresTranslation"":false}],""cyom"":false,""closedTime"":""2026-04-11T20:13:43Z"",""showAllOutcomes"":true,""showMarketImages"":false,""automaticallyResolved"":true,""enableNegRisk"":true,""automaticallyActive"":true,""eventDate"":""2026-04-11"",""startTime"":""2026-04-07T04:08:51.13Z"",""seriesSlug"":""kuala-lumpur-daily-weather"",""negRiskAugmented"":false,""pendingDeployment"":false,""deploying"":false,""deployingTimestamp"":""2026-04-07T04:09:02.896266Z"",""requiresTranslation"":false,""eventMetadata"":{""context_description"":""Trader consensus on Polymarket assigns near-certain odds (100%) to a highest temperature of 33°C in Kuala Lumpur on April 11, 2026, driven by real-time observations from the Kuala Lumpur International Airport station—the market's official resolution source—peaking at 33°C during midday amid mostly clear mornings transitioning to isolated afternoon thunderstorms, as forecasted by MetMalaysia. These convective clouds capped surface heating, aligning with typical April climatology where highs average 32–34°C under equatorial conditions influenced by weakening northeast monsoon remnants. Late-day readings hover at 27–29°C with ongoing thunderstorm risks, leaving minimal window for 34°C+. Only an improbable full clearing before sunset could challenge this, but model consensus and current atmospheric stability strongly support the 33°C outcome."",""context_requires_regen"":true,""context_updated_at"":""2026-04-11T19:14:37.836Z""}},{""id"":""345441"",""ticker"":""highest-temperature-in-kuala-lumpur-on-april-9-2026"",""slug"":""highest-temperature-in-kuala-lumpur-on-april-9-2026"",""title"":""Highest temperature in Kuala Lumpur on April 9?"",""description"":""This market will resolve to the temperature range that contains the highest temperature recorded at the Kuala Lumpur Intl Airport Station in degrees Celsius on 9 Apr '26.\n\nThe resolution source for this market will be information from Wunderground, specifically the highest temperature recorded for all times on this day by the Forecast for the Kuala Lumpur Intl Airport Station once information is finalized, available here: https://www.wunderground.com/history/daily/my/sepang-district/WMKK.\n\nTo toggle between Fahrenheit and Celsius, click the gear icon next to the search bar and switch the Temperature setting between °F and °C.\n\nThis market can not resolve to \""Yes\"" until all data for this date has been finalized.\n\nThe resolution source for this market measures temperatures to whole degrees Celsius (eg, 9°C). Thus, this is the level of precision that will be used when resolving the market.\n\nAny revisions to temperatures recorded after data is finalized for this market's timeframe will not be considered for this market's resolution."",""resolutionSource"":""https://www.wunderground.com/history/daily/my/sepang-district/WMKK"",""startDate"":""2026-04-05T04:44:21.172532Z"",""creationDate"":""2026-04-05T04:44:21.172504Z"",""endDate"":""2026-04-09T12:00:00Z"",""image"":""https://polymarket-upload.s3.us-east-2.amazonaws.com/kuala-2535fee773.jpg"",""icon"":""https://polymarket-upload.s3.us-east-2.amazonaws.com/kuala-2535fee773.jpg"",""active"":true,""closed"":true,""archived"":false,""new"":false,""featured"":false,""restricted"":true,""volume"":48378.406300999995,""openInterest"":11908.339874999998,""createdAt"":""2026-04-05T04:09:32.482088Z"",""updatedAt"":""2026-04-18T20:38:31.013403Z"",""enableOrderBook"":true,""negRisk"":true,""negRiskMarketID"":""0xe3ab9850c6e0663c7c2afb816588c02bc7cf27cb461361dd89529985037c5a00"",""commentCount"":0,""tags"":[{""id"":""84"",""label"":""Weather"",""slug"":""weather"",""forceShow"":false,""publishedAt"":""2023-11-02 21:17:34.81+00"",""createdAt"":""2023-11-02T21:17:34.814Z"",""updatedAt"":""2026-03-09T22:33:58.564774Z"",""requiresTranslation"":false},{""id"":""101757"",""label"":""Recurring"",""slug"":""recurring"",""forceShow"":false,""createdAt"":""2025-02-01T00:45:26.493838Z"",""updatedAt"":""2026-04-17T17:25:43.117249Z"",""requiresTranslation"":false},{""id"":""102169"",""label"":""Hide From New"",""slug"":""hide-from-new"",""forceShow"":false,""createdAt"":""2025-05-23T18:47:07.430147Z"",""updatedAt"":""2026-04-17T20:28:28.912197Z"",""isCarousel"":false,""requiresTranslation"":false},{""id"":""103040"",""label"":""Daily Temperature"",""slug"":""daily-temperature"",""forceShow"":false,""createdAt"":""2025-12-31T06:10:27.471939Z"",""updatedAt"":""2026-04-17T20:53:11.600562Z"",""isCarousel"":false,""requiresTranslation"":false},{""id"":""104441"",""label"":""Kuala Lampur"",""slug"":""kuala-lampur"",""forceShow"":false,""createdAt"":""2026-04-03T00:39:23.742771Z"",""updatedAt"":""2026-04-15T21:03:59.511759Z"",""isCarousel"":false,""requiresTranslation"":false},{""id"":""104245"",""label"":""Rewards Automation 50 4.5 50"",""slug"":""rewards-automation-50-4pt5-50"",""forceShow"":false,""createdAt"":""2026-03-17T16:20:03.489328Z"",""updatedAt"":""2026-04-17T20:32:29.111305Z"",""isCarousel"":false,""requiresTranslation"":false},{""id"":""104596"",""label"":""Highest temperature"",""slug"":""highest-temperature"",""forceShow"":false,""createdAt"":""2026-04-14T17:30:54.763291Z"",""updatedAt"":""2026-04-17T20:53:51.670468Z"",""isCarousel"":false,""requiresTranslation"":false}],""cyom"":false,""closedTime"":""2026-04-09T20:02:41Z"",""showAllOutcomes"":true,""showMarketImages"":false,""automaticallyResolved"":true,""enableNegRisk"":true,""automaticallyActive"":true,""eventDate"":""2026-04-09"",""startTime"":""2026-04-05T04:09:32.381Z"",""seriesSlug"":""kuala-lumpur-daily-weather"",""negRiskAugmented"":false,""pendingDeployment"":false,""deploying"":false,""deployingTimestamp"":""2026-04-05T04:09:48.38941Z"",""requiresTranslation"":false,""eventMetadata"":{""context_description"":""Malaysian Meteorological Department (MetMalaysia) observations and forecast models confirm a maximum temperature of 34°C in Kuala Lumpur on April 9, driving the market's 100% implied probability on this outcome amid typical inter-monsoon conditions with clear mornings giving way to isolated afternoon thunderstorms that cap daytime heating. April climatology supports this, with historical daily highs averaging 33°C under high solar insolation and humidity near 80%, as equatorial positioning limits extremes beyond 35°C without prolonged clear skies. Realistic challenges include an unexpected delay in convective activity allowing late-afternoon solar warming, though current data trends and model consensus from ECMWF and GFS analogs make this improbable; final resolution awaits MetMalaysia's official daily report."",""context_requires_regen"":true,""context_updated_at"":""2026-04-09T20:07:02.507Z""}},{""id"":""356122"",""ticker"":""highest-temperature-in-kuala-lumpur-on-april-12-2026"",""slug"":""highest-temperature-in-kuala-lumpur-on-april-12-2026"",""title"":""Highest temperature in Kuala Lumpur on April 12?"",""description"":""This market will resolve to the temperature range that contains the highest temperature recorded at the Kuala Lumpur Intl Airport Station in degrees Celsius on 12 Apr '26.\n\nThe resolution source for this market will be information from Wunderground, specifically the highest temperature recorded for all times on this day by the Forecast for the Kuala Lumpur Intl Airport Station once information is finalized, available here: https://www.wunderground.com/history/daily/my/sepang-district/WMKK.\n\nTo toggle between Fahrenheit and Celsius, click the gear icon next to the search bar and switch the Temperature setting between °F and °C.\n\nThis market can not resolve to \""Yes\"" until all data for this date has been finalized.\n\nThe resolution source for this market measures temperatures to whole degrees Celsius (eg, 9°C). Thus, this is the level of precision that will be used when resolving the market.\n\nAny revisions to temperatures recorded after data is finalized for this market's timeframe will not be considered for this market's resolution."",""resolutionSource"":""https://www.wunderground.com/history/daily/my/sepang-district/WMKK"",""startDate"":""2026-04-08T05:08:25.676142Z"",""creationDate"":""2026-04-08T05:08:25.676129Z"",""endDate"":""2026-04-12T12:00:00Z"",""image"":""https://polymarket-upload.s3.us-east-2.amazonaws.com/kuala-2535fee773.jpg"",""icon"":""https://polymarket-upload.s3.us-east-2.amazonaws.com/kuala-2535fee773.jpg"",""active"":true,""closed"":true,""archived"":false,""new"":false,""featured"":false,""restricted"":true,""volume"":44532.916971000006,""openInterest"":12966.301041,""createdAt"":""2026-04-08T04:09:39.884172Z"",""updatedAt"":""2026-04-18T19:24:11.991989Z"",""enableOrderBook"":true,""negRisk"":true,""negRiskMarketID"":""0x4ea516db1bb37ec5119c60481fd26a5a5b9ac20eb81f88019ac5b8a27db0f400"",""commentCount"":0,""tags"":[{""id"":""84"",""label"":""Weather"",""slug"":""weather"",""forceShow"":false,""publishedAt"":""2023-11-02 21:17:34.81+00"",""createdAt"":""2023-11-02T21:17:34.814Z"",""updatedAt"":""2026-03-09T22:33:58.564774Z"",""requiresTranslation"":false},{""id"":""101757"",""label"":""Recurring"",""slug"":""recurring"",""forceShow"":false,""createdAt"":""2025-02-01T00:45:26.493838Z"",""updatedAt"":""2026-04-17T17:25:43.117249Z"",""requiresTranslation"":false},{""id"":""102169"",""label"":""Hide From New"",""slug"":""hide-from-new"",""forceShow"":false,""createdAt"":""2025-05-23T18:47:07.430147Z"",""updatedAt"":""2026-04-17T20:28:28.912197Z"",""isCarousel"":false,""requiresTranslation"":false},{""id"":""103040"",""label"":""Daily Temperature"",""slug"":""daily-temperature"",""forceShow"":false,""createdAt"":""2025-12-31T06:10:27.471939Z"",""updatedAt"":""2026-04-17T20:53:11.600562Z"",""isCarousel"":false,""requiresTranslation"":false},{""id"":""104441"",""label"":""Kuala Lampur"",""slug"":""kuala-lampur"",""forceShow"":false,""createdAt"":""2026-04-03T00:39:23.742771Z"",""updatedAt"":""2026-04-15T21:03:59.511759Z"",""isCarousel"":false,""requiresTranslation"":false},{""id"":""104245"",""label"":""Rewards Automation 50 4.5 50"",""slug"":""rewards-automation-50-4pt5-50"",""forceShow"":false,""createdAt"":""2026-03-17T16:20:03.489328Z"",""updatedAt"":""2026-04-17T20:32:29.111305Z"",""isCarousel"":false,""requiresTranslation"":false},{""id"":""104596"",""label"":""Highest temperature"",""slug"":""highest-temperature"",""forceShow"":false,""createdAt"":""2026-04-14T17:30:54.763291Z"",""updatedAt"":""2026-04-17T20:53:51.670468Z"",""isCarousel"":false,""requiresTranslation"":false}],""cyom"":false,""closedTime"":""2026-04-12T19:09:59Z"",""showAllOutcomes"":true,""showMarketImages"":false,""automaticallyResolved"":true,""enableNegRisk"":true,""automaticallyActive"":true,""eventDate"":""2026-04-12"",""startTime"":""2026-04-08T04:09:39.787Z"",""seriesSlug"":""kuala-lumpur-daily-weather"",""negRiskAugmented"":false,""pendingDeployment"":false,""deploying"":false,""deployingTimestamp"":""2026-04-08T04:09:47.908711Z"",""requiresTranslation"":false,""eventMetadata"":{""context_description"":""Trader consensus on Polymarket has locked in a 100% implied probability for Kuala Lumpur's highest temperature reaching exactly 32°C on April 12, 2026, driven by official observational data from stations like those at Subang and Kuala Lumpur International Airport, where peaks hit 32.8°C (91°F) around noon before thunderstorms capped further heating. MetMalaysia forecasts initially projected up to 35°C, but widespread afternoon thunderstorms—issued in warnings until late day—introduced heavy cloud cover and sprinkles, inhibiting solar insolation and limiting the daily maximum, aligning with April climatological averages of 32–33°C amid the equatorial monsoon transition. Realistic challenges would require prolonged clearing skies post-4 PM for a late spike to 33°C or higher, though model consensus and current trends make this improbable as the day ends. Final observations from MetMalaysia will confirm resolution."",""context_requires_regen"":true,""context_updated_at"":""2026-04-12T19:11:47.336Z""}},{""id"":""359587"",""ticker"":""highest-temperature-in-kuala-lumpur-on-april-13-2026"",""slug"":""highest-temperature-in-kuala-lumpur-on-april-13-2026"",""title"":""Highest temperature in Kuala Lumpur on April 13?"",""description"":""This market will resolve to the temperature range that contains the highest temperature recorded at the Kuala Lumpur Intl Airport Station in degrees Celsius on 13 Apr '26.\n\nThe resolution source for this market will be information from Wunderground, specifically the highest temperature recorded for all times on this day by the Forecast for the Kuala Lumpur Intl Airport Station once information is finalized, available here: https://www.wunderground.com/history/daily/my/sepang-district/WMKK.\n\nTo toggle between Fahrenheit and Celsius, click the gear icon next to the search bar and switch the Temperature setting between °F and °C.\n\nThis market can not resolve to \""Yes\"" until all data for this date has been finalized.\n\nThe resolution source for this market measures temperatures to whole degrees Celsius (eg, 9°C). Thus, this is the level of precision that will be used when resolving the market.\n\nAny revisions to temperatures recorded after data is finalized for this market's timeframe will not be considered for this market's resolution."",""resolutionSource"":""https://www.wunderground.com/history/daily/my/sepang-district/WMKK"",""startDate"":""2026-04-09T04:48:08.765975Z"",""creationDate"":""2026-04-09T04:48:08.765962Z"",""endDate"":""2026-04-13T12:00:00Z"",""image"":""https://polymarket-upload.s3.us-east-2.amazonaws.com/kuala-2535fee773.jpg"",""icon"":""https://polymarket-upload.s3.us-east-2.amazonaws.com/kuala-2535fee773.jpg"",""active"":true,""closed"":true,""archived"":false,""new"":false,""featured"":false,""restricted"":true,""volume"":59705.549795,""openInterest"":12618.061566,""createdAt"":""2026-04-09T04:10:17.268893Z"",""updatedAt"":""2026-04-18T19:50:54.787677Z"",""enableOrderBook"":true,""negRisk"":true,""negRiskMarketID"":""0x921856a063c62324d8be123c1f9bdb0788ccefbdbd3d08383ca1d74687741900"",""commentCount"":0,""tags"":[{""id"":""84"",""label"":""Weather"",""slug"":""weather"",""forceShow"":false,""publishedAt"":""2023-11-02 21:17:34.81+00"",""createdAt"":""2023-11-02T21:17:34.814Z"",""updatedAt"":""2026-03-09T22:33:58.564774Z"",""requiresTranslation"":false},{""id"":""101757"",""label"":""Recurring"",""slug"":""recurring"",""forceShow"":false,""createdAt"":""2025-02-01T00:45:26.493838Z"",""updatedAt"":""2026-04-17T17:25:43.117249Z"",""requiresTranslation"":false},{""id"":""102169"",""label"":""Hide From New"",""slug"":""hide-from-new"",""forceShow"":false,""createdAt"":""2025-05-23T18:47:07.430147Z"",""updatedAt"":""2026-04-17T20:28:28.912197Z"",""isCarousel"":false,""requiresTranslation"":false},{""id"":""103040"",""label"":""Daily Temperature"",""slug"":""daily-temperature"",""forceShow"":false,""createdAt"":""2025-12-31T06:10:27.471939Z"",""updatedAt"":""2026-04-17T20:53:11.600562Z"",""isCarousel"":false,""requiresTranslation"":false},{""id"":""104441"",""label"":""Kuala Lampur"",""slug"":""kuala-lampur"",""forceShow"":false,""createdAt"":""2026-04-03T00:39:23.742771Z"",""updatedAt"":""2026-04-15T21:03:59.511759Z"",""isCarousel"":false,""requiresTranslation"":false},{""id"":""104245"",""label"":""Rewards Automation 50 4.5 50"",""slug"":""rewards-automation-50-4pt5-50"",""forceShow"":false,""createdAt"":""2026-03-17T16:20:03.489328Z"",""updatedAt"":""2026-04-17T20:32:29.111305Z"",""isCarousel"":false,""requiresTranslation"":false},{""id"":""104596"",""label"":""Highest temperature"",""slug"":""highest-temperature"",""forceShow"":false,""createdAt"":""2026-04-14T17:30:54.763291Z"",""updatedAt"":""2026-04-17T20:53:51.670468Z"",""isCarousel"":false,""requiresTranslation"":false}],""cyom"":false,""closedTime"":""2026-04-13T19:37:09Z"",""showAllOutcomes"":true,""showMarketImages"":false,""automaticallyResolved"":true,""enableNegRisk"":true,""automaticallyActive"":true,""eventDate"":""2026-04-13"",""startTime"":""2026-04-09T04:10:17.171Z"",""seriesSlug"":""kuala-lumpur-daily-weather"",""negRiskAugmented"":false,""pendingDeployment"":false,""deploying"":false,""deployingTimestamp"":""2026-04-09T04:10:34.304759Z"",""requiresTranslation"":false,""eventMetadata"":{""context_description"":""Trader consensus on Polymarket overwhelmingly backs 34°C as Kuala Lumpur's highest temperature on April 13, with 100% implied probability, driven by the Malaysian Meteorological Department's (METMalaysia) official forecast specifying a daytime maximum of 34°C amid isolated thunderstorms. This aligns with April climatology, where average highs hover around 33°C in the equatorial urban heat island of the city, supported by current observations showing peaks near this threshold and convective activity limiting further solar heating. Model consensus from regional forecasts reinforces stability, though a rare prolonged clear-sky window before sunset could enable brief spikes to 35°C via enhanced insolation. Final resolution awaits METMalaysia's end-of-day station data from key sites like Subang Airport."",""context_requires_regen"":true,""context_updated_at"":""2026-04-13T19:37:07.109Z""}},{""id"":""373622"",""ticker"":""highest-temperature-in-kuala-lumpur-on-april-15-2026"",""slug"":""highest-temperature-in-kuala-lumpur-on-april-15-2026"",""title"":""Highest temperature in Kuala Lumpur on April 15?"",""description"":""This market will resolve to the temperature range that contains the highest temperature recorded at the Kuala Lumpur Intl Airport Station in degrees Celsius on 15 Apr '26.\n\nThe resolution source for this market will be information from Wunderground, specifically the highest temperature recorded for all times on this day by the Forecast for the Kuala Lumpur Intl Airport Station once information is finalized, available here: https://www.wunderground.com/history/daily/my/sepang-district/WMKK.\n\nTo toggle between Fahrenheit and Celsius, click the gear icon next to the search bar and switch the Temperature setting between °F and °C.\n\nThis market can not resolve to \""Yes\"" until all data for this date has been finalized.\n\nThe resolution source for this market measures temperatures to whole degrees Celsius (eg, 9°C). Thus, this is the level of precision that will be used when resolving the market.\n\nAny revisions to temperatures recorded after data is finalized for this market's timeframe will not be considered for this market's resolution."",""resolutionSource"":""https://www.wunderground.com/history/daily/my/sepang-district/WMKK"",""startDate"":""2026-04-13T05:14:08.210697Z"",""creationDate"":""2026-04-13T05:14:08.210687Z"",""endDate"":""2026-04-15T12:00:00Z"",""image"":""https://polymarket-upload.s3.us-east-2.amazonaws.com/kuala-2535fee773.jpg"",""icon"":""https://polymarket-upload.s3.us-east-2.amazonaws.com/kuala-2535fee773.jpg"",""active"":true,""closed"":true,""archived"":false,""new"":false,""featured"":false,""restricted"":true,""volume"":140349.76714100002,""openInterest"":68357.574141,""createdAt"":""2026-04-13T04:06:07.832498Z"",""updatedAt"":""2026-04-18T20:41:24.217882Z"",""enableOrderBook"":true,""negRisk"":true,""negRiskMarketID"":""0xe307130e78672aac3b0d98542343d7b0eb2ce91f33bd397007c9ddefc894b700"",""commentCount"":0,""tags"":[{""id"":""84"",""label"":""Weather"",""slug"":""weather"",""forceShow"":false,""publishedAt"":""2023-11-02 21:17:34.81+00"",""createdAt"":""2023-11-02T21:17:34.814Z"",""updatedAt"":""2026-03-09T22:33:58.564774Z"",""requiresTranslation"":false},{""id"":""101757"",""label"":""Recurring"",""slug"":""recurring"",""forceShow"":false,""createdAt"":""2025-02-01T00:45:26.493838Z"",""updatedAt"":""2026-04-17T17:25:43.117249Z"",""requiresTranslation"":false},{""id"":""102169"",""label"":""Hide From New"",""slug"":""hide-from-new"",""forceShow"":false,""createdAt"":""2025-05-23T18:47:07.430147Z"",""updatedAt"":""2026-04-17T20:28:28.912197Z"",""isCarousel"":false,""requiresTranslation"":false},{""id"":""103040"",""label"":""Daily Temperature"",""slug"":""daily-temperature"",""forceShow"":false,""createdAt"":""2025-12-31T06:10:27.471939Z"",""updatedAt"":""2026-04-17T20:53:11.600562Z"",""isCarousel"":false,""requiresTranslation"":false},{""id"":""104441"",""label"":""Kuala Lampur"",""slug"":""kuala-lampur"",""forceShow"":false,""createdAt"":""2026-04-03T00:39:23.742771Z"",""updatedAt"":""2026-04-15T21:03:59.511759Z"",""isCarousel"":false,""requiresTranslation"":false},{""id"":""104245"",""label"":""Rewards Automation 50 4.5 50"",""slug"":""rewards-automation-50-4pt5-50"",""forceShow"":false,""createdAt"":""2026-03-17T16:20:03.489328Z"",""updatedAt"":""2026-04-17T20:32:29.111305Z"",""isCarousel"":false,""requiresTranslation"":false},{""id"":""104596"",""label"":""Highest temperature"",""slug"":""highest-temperature"",""forceShow"":false,""createdAt"":""2026-04-14T17:30:54.763291Z"",""updatedAt"":""2026-04-17T20:53:51.670468Z"",""isCarousel"":false,""requiresTranslation"":false},{""id"":""104615"",""label"":""temperature"",""slug"":""temperature"",""createdAt"":""2026-04-15T11:31:44.422445Z"",""updatedAt"":""2026-04-17T21:08:03.037589Z"",""requiresTranslation"":false}],""cyom"":false,""closedTime"":""2026-04-15T18:55:00Z"",""showAllOutcomes"":true,""showMarketImages"":false,""automaticallyResolved"":true,""enableNegRisk"":true,""automaticallyActive"":true,""eventDate"":""2026-04-15"",""startTime"":""2026-04-13T04:06:07.553Z"",""seriesSlug"":""kuala-lumpur-daily-weather"",""negRiskAugmented"":false,""pendingDeployment"":false,""deploying"":false,""deployingTimestamp"":""2026-04-13T04:06:16.96836Z"",""requiresTranslation"":false,""eventMetadata"":{""context_description"":""**Official observations from the Malaysian Meteorological Department (MetMalaysia) confirm Kuala Lumpur's highest temperature on April 15 reached exactly 32°C at key stations like Subang Airport, driving the market-implied 100% probability for this outcome amid real-money trader consensus.** Afternoon readings peaked under partly cloudy conditions with high humidity around 80-90% and light winds, preventing further intensification despite typical April climatology averaging 32-33°C maxima. Isolated thunderstorms noted in MetMalaysia's evening bulletin further capped heating potential. With the day concluding, realistic challenges would require a data revision from overlooked peripheral sensors exceeding 33°C—highly improbable given synchronized reports and historical measurement protocols. Final archived data expected shortly to resolve the market."",""context_requires_regen"":true,""context_updated_at"":""2026-04-15T18:49:50.856Z""}},{""id"":""387460"",""ticker"":""highest-temperature-in-kuala-lumpur-on-april-19-2026"",""slug"":""highest-temperature-in-kuala-lumpur-on-april-19-2026"",""title"":""Highest temperature in Kuala Lumpur on April 19?"",""description"":""This market will resolve to the temperature range that contains the highest temperature recorded at the Kuala Lumpur Intl Airport Station in degrees Celsius on 19 Apr '26.\n\nThe resolution source for this market will be information from Wunderground, specifically the highest temperature recorded for all times on this day by the Forecast for the Kuala Lumpur Intl Airport Station once information is finalized, available here: https://www.wunderground.com/history/daily/my/sepang-district/WMKK.\n\nTo toggle between Fahrenheit and Celsius, click the gear icon next to the search bar and switch the Temperature setting between °F and °C.\n\nThis market can not resolve to \""Yes\"" until all data for this date has been finalized.\n\nThe resolution source for this market measures temperatures to whole degrees Celsius (eg, 9°C). Thus, this is the level of precision that will be used when resolving the market.\n\nAny revisions to temperatures recorded after data is finalized for this market's timeframe will not be considered for this market's resolution."",""resolutionSource"":""https://www.wunderground.com/history/daily/my/sepang-district/WMKK"",""startDate"":""2026-04-17T04:33:11.657311Z"",""creationDate"":""2026-04-17T04:33:11.657295Z"",""endDate"":""2026-04-19T12:00:00Z"",""image"":""https://polymarket-upload.s3.us-east-2.amazonaws.com/kuala-2535fee773.jpg"",""icon"":""https://polymarket-upload.s3.us-east-2.amazonaws.com/kuala-2535fee773.jpg"",""active"":true,""closed"":false,""archived"":false,""new"":false,""featured"":false,""restricted"":true,""liquidity"":14551.48842,""volume"":16400.420460999998,""openInterest"":11663.473014999998,""createdAt"":""2026-04-17T04:06:26.689107Z"",""updatedAt"":""2026-04-18T20:44:14.104481Z"",""competitive"":0.9910557221079755,""volume24hr"":12176.364682,""volume1wk"":16400.420460999998,""volume1mo"":16400.420460999998,""volume1yr"":16400.420460999998,""enableOrderBook"":true,""liquidityClob"":14551.48842,""negRisk"":true,""negRiskMarketID"":""0x180ac229204db2a3be6e565873a4b4286d41b1cff2cc6f5a3dfc4d164607f600"",""commentCount"":0,""tags"":[{""id"":""84"",""label"":""Weather"",""slug"":""weather"",""forceShow"":false,""publishedAt"":""2023-11-02 21:17:34.81+00"",""createdAt"":""2023-11-02T21:17:34.814Z"",""updatedAt"":""2026-03-09T22:33:58.564774Z"",""requiresTranslation"":false},{""id"":""101757"",""label"":""Recurring"",""slug"":""recurring"",""forceShow"":false,""createdAt"":""2025-02-01T00:45:26.493838Z"",""updatedAt"":""2026-04-17T17:25:43.117249Z"",""requiresTranslation"":false},{""id"":""102169"",""label"":""Hide From New"",""slug"":""hide-from-new"",""forceShow"":false,""createdAt"":""2025-05-23T18:47:07.430147Z"",""updatedAt"":""2026-04-17T20:28:28.912197Z"",""isCarousel"":false,""requiresTranslation"":false},{""id"":""103040"",""label"":""Daily Temperature"",""slug"":""daily-temperature"",""forceShow"":false,""createdAt"":""2025-12-31T06:10:27.471939Z"",""updatedAt"":""2026-04-17T20:53:11.600562Z"",""isCarousel"":false,""requiresTranslation"":false},{""id"":""104441"",""label"":""Kuala Lampur"",""slug"":""kuala-lampur"",""forceShow"":false,""createdAt"":""2026-04-03T00:39:23.742771Z"",""updatedAt"":""2026-04-15T21:03:59.511759Z"",""isCarousel"":false,""requiresTranslation"":false},{""id"":""104245"",""label"":""Rewards Automation 50 4.5 50"",""slug"":""rewards-automation-50-4pt5-50"",""forceShow"":false,""createdAt"":""2026-03-17T16:20:03.489328Z"",""updatedAt"":""2026-04-17T20:32:29.111305Z"",""isCarousel"":false,""requiresTranslation"":false},{""id"":""104596"",""label"":""Highest temperature"",""slug"":""highest-temperature"",""forceShow"":false,""createdAt"":""2026-04-14T17:30:54.763291Z"",""updatedAt"":""2026-04-17T20:53:51.670468Z"",""isCarousel"":false,""requiresTranslation"":false}],""cyom"":false,""showAllOutcomes"":true,""showMarketImages"":false,""enableNegRisk"":true,""automaticallyActive"":true,""eventDate"":""2026-04-19"",""startTime"":""2026-04-17T04:06:26.595Z"",""seriesSlug"":""kuala-lumpur-daily-weather"",""negRiskAugmented"":false,""pendingDeployment"":false,""deploying"":false,""deployingTimestamp"":""2026-04-17T04:06:33.719283Z"",""requiresTranslation"":false,""eventMetadata"":{""context_description"":""Trader consensus on Polymarket favors 32°C (40.5% implied probability) as Kuala Lumpur's highest temperature on April 19 at the Kuala Lumpur International Airport station, driven by MetMalaysia's latest forecast of a 34°C maximum",34.0,C,34.0,C,,,,Will the highest temperature in Kuala Lumpur be 27°C or below on April 19?,0.003,0.001,0.005,0.003,0.001,0.005,0.004,0.003,2026-04-18T21:06:37+00:00,0.001,2026-04-18T21:06:37+00:00,-0.004,-0.004
Highest temperature in Jakarta on April 19?,https://polymarket.com/event/highest-temperature-in-jakarta-on-april-19-2026,2026-04-18T21:06:37+00:00,2026-04-18T21:06:37+00:00,open_meteo,Open-Meteo,https://api.open-meteo.com/v1/forecast?latitude=-6.21462&longitude=106.84513&daily=temperature_2m_max&start_date=2026-04-19&end_date=2026-04-19&temperature_unit=celsius&timezone=auto,Open-Meteo daily temperature_2m_max forecast for Jakarta on 2026-04-19,32.7,C,33.0,C,-6.21462,106.84513,Asia/Jakarta,Will the highest temperature in Jakarta be 28°C or below on April 19?,0.0005,0.0,0.001,0.0005,0.0,0.001,0.001,0.0005,2026-04-18T21:06:37+00:00,0.0,2026-04-18T21:06:37+00:00,-0.001,-0.001
Highest temperature in Jeddah on April 19?,https://polymarket.com/event/highest-temperature-in-jeddah-on-april-19-2026,2026-04-18T21:06:37+00:00,2026-04-18T21:06:37+00:00,open_meteo,Open-Meteo,https://api.open-meteo.com/v1/forecast?latitude=21.49012&longitude=39.18624&daily=temperature_2m_max&start_date=2026-04-19&end_date=2026-04-19&temperature_unit=celsius&timezone=auto,Open-Meteo daily temperature_2m_max forecast for Jeddah on 2026-04-19,37.2,C,37.0,C,21.49012,39.18624,Asia/Riyadh,Will the highest temperature in Jeddah be 30°C or below on April 19?,0.0005,0.0,0.001,0.0005,0.0,0.001,0.001,0.0005,2026-04-18T21:06:37+00:00,0.0,2026-04-18T21:06:37+00:00,-0.001,-0.001
Highest temperature in Lagos on April 19?,https://polymarket.com/event/highest-temperature-in-lagos-on-april-19-2026,2026-04-18T21:06:37+00:00,2026-04-18T21:06:37+00:00,open_meteo,Open-Meteo,https://api.open-meteo.com/v1/forecast?latitude=6.45407&longitude=3.39467&daily=temperature_2m_max&start_date=2026-04-19&end_date=2026-04-19&temperature_unit=celsius&timezone=auto,Open-Meteo daily temperature_2m_max forecast for Lagos on 2026-04-19,32.7,C,33.0,C,6.45407,3.39467,Africa/Lagos,Will the highest temperature in Lagos be 27°C or below on April 19?,0.0065,0.003,0.01,0.0065,0.003,0.01,0.007,0.0065,2026-04-18T21:06:37+00:00,0.003,2026-04-18T21:06:37+00:00,-0.007,-0.007
Highest temperature in Cape Town on April 19?,https://polymarket.com/event/highest-temperature-in-cape-town-on-april-19-2026,2026-04-18T21:06:37+00:00,2026-04-18T21:06:37+00:00,open_meteo,Open-Meteo,https://api.open-meteo.com/v1/forecast?latitude=-33.92584&longitude=18.42322&daily=temperature_2m_max&start_date=2026-04-19&end_date=2026-04-19&temperature_unit=celsius&timezone=auto,Open-Meteo daily temperature_2m_max forecast for Cape Town on 2026-04-19,16.3,C,16.0,C,-33.92584,18.42322,Africa/Johannesburg,Will the highest temperature in Cape Town be 12°C or below on April 19?,0.0035,0.001,0.002,0.0035,0.001,0.002,0.001,0.0035,2026-04-18T21:06:37+00:00,0.001,2026-04-18T21:06:37+00:00,-0.001,-0.001
Highest temperature in Guangzhou on April 19?,https://polymarket.com/event/highest-temperature-in-guangzhou-on-april-19-2026,2026-04-18T21:06:37+00:00,2026-04-18T21:06:37+00:00,open_meteo,Open-Meteo,https://api.open-meteo.com/v1/forecast?latitude=23.11667&longitude=113.25&daily=temperature_2m_max&start_date=2026-04-19&end_date=2026-04-19&temperature_unit=celsius&timezone=auto,Open-Meteo daily temperature_2m_max forecast for Guangzhou on 2026-04-19,31.2,C,31.0,C,23.11667,113.25,Asia/Shanghai,Will the highest temperature in Guangzhou be 27°C or below on April 19?,0.0015,0.001,0.002,0.0015,0.001,0.002,0.001,0.0015,2026-04-18T21:06:37+00:00,0.001,2026-04-18T21:06:37+00:00,-0.001,-0.001
Highest temperature in Karachi on April 19?,https://polymarket.com/event/highest-temperature-in-karachi-on-april-19-2026,2026-04-18T21:06:37+00:00,2026-04-18T21:06:37+00:00,open_meteo,Open-Meteo,https://api.open-meteo.com/v1/forecast?latitude=24.8608&longitude=67.0104&daily=temperature_2m_max&start_date=2026-04-19&end_date=2026-04-19&temperature_unit=celsius&timezone=auto,Open-Meteo daily temperature_2m_max forecast for Karachi on 2026-04-19,29.5,C,30.0,C,24.8608,67.0104,Asia/Karachi,Will the highest temperature in Karachi be 25°C or below on April 19?,0.0005,0.0,0.001,0.0005,0.0,0.001,0.001,0.0005,2026-04-18T21:06:37+00:00,0.0,2026-04-18T21:06:37+00:00,-0.001,-0.001
Highest temperature in Manila on April 19?,https://polymarket.com/event/highest-temperature-in-manila-on-april-19-2026,2026-04-18T21:06:37+00:00,2026-04-18T21:06:37+00:00,open_meteo,Open-Meteo,https://api.open-meteo.com/v1/forecast?latitude=14.6042&longitude=120.9822&daily=temperature_2m_max&start_date=2026-04-19&end_date=2026-04-19&temperature_unit=celsius&timezone=auto,Open-Meteo daily temperature_2m_max forecast for Manila on 2026-04-19,30.5,C,31.0,C,14.6042,120.9822,Asia/Manila,Will the highest temperature in Manila be 29°C or below on April 19?,0.006,0.002,0.01,0.006,0.002,0.01,0.008,0.006,2026-04-18T21:06:37+00:00,0.002,2026-04-18T21:06:37+00:00,-0.008,-0.008
Highest temperature in London on April 20?,https://polymarket.com/event/highest-temperature-in-london-on-april-20-2026,2026-04-18T21:06:37+00:00,2026-04-18T21:06:37+00:00,open_meteo,Open-Meteo,https://api.open-meteo.com/v1/forecast?latitude=51.50853&longitude=-0.12574&daily=temperature_2m_max&start_date=2026-04-20&end_date=2026-04-20&temperature_unit=celsius&timezone=auto,Open-Meteo daily temperature_2m_max forecast for London on 2026-04-20,13.0,C,13.0,C,51.50853,-0.12574,Europe/London,Will the highest temperature in London be 10°C on April 20?,0.0015,0.001,0.002,0.0015,0.001,0.002,0.001,0.0015,2026-04-18T21:06:37+00:00,0.001,2026-04-18T21:06:37+00:00,-0.001,-0.001
Highest temperature in Paris on April 20?,https://polymarket.com/event/highest-temperature-in-paris-on-april-20-2026,2026-04-18T21:06:37+00:00,2026-04-18T21:06:37+00:00,open_meteo,Open-Meteo,https://api.open-meteo.com/v1/forecast?latitude=48.85341&longitude=2.3488&daily=temperature_2m_max&start_date=2026-04-20&end_date=2026-04-20&temperature_unit=celsius&timezone=auto,Open-Meteo daily temperature_2m_max forecast for Paris on 2026-04-20,15.4,C,15.0,C,48.85341,2.3488,Europe/Paris,Will the highest temperature in Paris be 10°C or below on April 20?,0.0015,0.001,0.002,0.0015,0.001,0.002,0.001,0.0015,2026-04-18T21:06:37+00:00,0.001,2026-04-18T21:06:37+00:00,-0.001,-0.001
Highest temperature in Sao Paulo on April 20?,https://polymarket.com/event/highest-temperature-in-sao-paulo-on-april-20-2026,2026-04-18T21:06:37+00:00,2026-04-18T21:06:37+00:00,open_meteo,Open-Meteo,https://api.open-meteo.com/v1/forecast?latitude=-23.5475&longitude=-46.63611&daily=temperature_2m_max&start_date=2026-04-20&end_date=2026-04-20&temperature_unit=celsius&timezone=auto,Open-Meteo daily temperature_2m_max forecast for Sao Paulo on 2026-04-20,25.3,C,25.0,C,-23.5475,-46.63611,America/Sao_Paulo,Will the highest temperature in Sao Paulo be 22°C or below on April 20?,0.0065,0.005,0.008,0.0065,0.005,0.008,0.003,0.0065,2026-04-18T21:06:37+00:00,0.005,2026-04-18T21:06:37+00:00,-0.003,-0.003
Highest temperature in Buenos Aires on April 20?,https://polymarket.com/event/highest-temperature-in-buenos-aires-on-april-20-2026,2026-04-18T21:06:37+00:00,2026-04-18T21:06:37+00:00,open_meteo,Open-Meteo,https://api.open-meteo.com/v1/forecast?latitude=-34.61315&longitude=-58.37723&daily=temperature_2m_max&start_date=2026-04-20&end_date=2026-04-20&temperature_unit=celsius&timezone=auto,Open-Meteo daily temperature_2m_max forecast for Buenos Aires on 2026-04-20,22.4,C,22.0,C,-34.61315,-58.37723,America/Argentina/Buenos_Aires,Will the highest temperature in Buenos Aires be 15°C or below on April 20?,0.0035,0.002,0.005,0.0035,0.002,0.005,0.003,0.0035,2026-04-18T21:06:37+00:00,0.002,2026-04-18T21:06:37+00:00,-0.003,-0.003
Highest temperature in Seoul on April 20?,https://polymarket.com/event/highest-temperature-in-seoul-on-april-20-2026,2026-04-18T21:06:37+00:00,2026-04-18T21:06:37+00:00,open_meteo,Open-Meteo,https://api.open-meteo.com/v1/forecast?latitude=37.566&longitude=126.9784&daily=temperature_2m_max&start_date=2026-04-20&end_date=2026-04-20&temperature_unit=celsius&timezone=auto,Open-Meteo daily temperature_2m_max forecast for Seoul on 2026-04-20,14.0,C,14.0,C,37.566,126.9784,Asia/Seoul,Will the highest temperature in Seoul be 10°C on April 20?,0.0055,0.003,0.008,0.0055,0.003,0.008,0.005,0.0055,2026-04-18T21:06:37+00:00,0.003,2026-04-18T21:06:37+00:00,-0.005,-0.005
Highest temperature in Toronto on April 20?,https://polymarket.com/event/highest-temperature-in-toronto-on-april-20-2026,2026-04-18T21:06:37+00:00,2026-04-18T21:06:37+00:00,open_meteo,Open-Meteo,https://api.open-meteo.com/v1/forecast?latitude=43.70643&longitude=-79.39864&daily=temperature_2m_max&start_date=2026-04-20&end_date=2026-04-20&temperature_unit=celsius&timezone=auto,Open-Meteo daily temperature_2m_max forecast for Toronto on 2026-04-20,6.4,C,6.0,C,43.70643,-79.39864,America/Toronto,Will the highest temperature in Toronto be 10°C on April 20?,0.008,0.006,0.01,0.008,0.006,0.01,0.004,0.008,2026-04-18T21:06:37+00:00,0.006,2026-04-18T21:06:37+00:00,-0.004,-0.004
Highest temperature in Seattle on April 20?,https://polymarket.com/event/highest-temperature-in-seattle-on-april-20-2026,2026-04-18T21:06:37+00:00,2026-04-18T21:06:37+00:00,open_meteo,Open-Meteo,https://api.open-meteo.com/v1/forecast?latitude=47.60621&longitude=-122.33207&daily=temperature_2m_max&start_date=2026-04-20&end_date=2026-04-20&temperature_unit=fahrenheit&timezone=auto,Open-Meteo daily temperature_2m_max forecast for Seattle on 2026-04-20,73.3,F,73.0,F,47.60621,-122.33207,America/Los_Angeles,Will the highest temperature in Seattle be 43°F or below on April 20?,0.0005,0.0,0.001,0.0005,0.0,0.001,0.001,0.0005,2026-04-18T21:06:37+00:00,0.0,2026-04-18T21:06:37+00:00,-0.001,-0.001
Highest temperature in NYC on April 20?,https://polymarket.com/event/highest-temperature-in-nyc-on-april-20-2026,2026-04-18T21:06:37+00:00,2026-04-18T21:06:37+00:00,open_meteo,Open-Meteo,https://api.open-meteo.com/v1/forecast?latitude=40.71427&longitude=-74.00597&daily=temperature_2m_max&start_date=2026-04-20&end_date=2026-04-20&temperature_unit=fahrenheit&timezone=auto,Open-Meteo daily temperature_2m_max forecast for NYC on 2026-04-20,52.2,F,52.0,F,40.71427,-74.00597,America/New_York,Will the highest temperature in New York City be 45°F or below on April 20?,0.0105,0.01,0.011,0.0105,0.01,0.011,0.0009999999999999992,0.0105,2026-04-18T21:06:37+00:00,0.01,2026-04-18T21:06:37+00:00,-0.0009999999999999992,-0.0009999999999999992
Highest temperature in Dallas on April 20?,https://polymarket.com/event/highest-temperature-in-dallas-on-april-20-2026,2026-04-18T21:06:37+00:00,2026-04-18T21:06:37+00:00,open_meteo,Open-Meteo,https://api.open-meteo.com/v1/forecast?latitude=32.78306&longitude=-96.80667&daily=temperature_2m_max&start_date=2026-04-20&end_date=2026-04-20&temperature_unit=fahrenheit&timezone=auto,Open-Meteo daily temperature_2m_max forecast for Dallas on 2026-04-20,72.5,F,73.0,F,32.78306,-96.80667,America/Chicago,Will the highest temperature in Dallas be 71°F or below on April 20?,0.27,0.26,0.28,0.27,0.26,0.28,0.020000000000000018,0.27,2026-04-18T21:06:37+00:00,0.26,2026-04-18T21:06:37+00:00,-0.020000000000000018,-0.020000000000000018
Highest temperature in Atlanta on April 20?,https://polymarket.com/event/highest-temperature-in-atlanta-on-april-20-2026,2026-04-18T21:06:37+00:00,2026-04-18T21:06:37+00:00,open_meteo,Open-Meteo,https://api.open-meteo.com/v1/forecast?latitude=33.749&longitude=-84.38798&daily=temperature_2m_max&start_date=2026-04-20&end_date=2026-04-20&temperature_unit=fahrenheit&timezone=auto,Open-Meteo daily temperature_2m_max forecast for Atlanta on 2026-04-20,75.4,F,75.0,F,33.749,-84.38798,America/New_York,Will the highest temperature in Atlanta be 69°F or below on April 20?,0.007,0.005,0.009,0.007,0.005,0.009,0.003999999999999999,0.007,2026-04-18T21:06:37+00:00,0.005,2026-04-18T21:06:37+00:00,-0.003999999999999999,-0.003999999999999999
Highest temperature in Miami on April 20?,https://polymarket.com/event/highest-temperature-in-miami-on-april-20-2026,2026-04-18T21:06:37+00:00,2026-04-18T21:06:37+00:00,open_meteo,Open-Meteo,https://api.open-meteo.com/v1/forecast?latitude=25.77427&longitude=-80.19366&daily=temperature_2m_max&start_date=2026-04-20&end_date=2026-04-20&temperature_unit=fahrenheit&timezone=auto,Open-Meteo daily temperature_2m_max forecast for Miami on 2026-04-20,80.6,F,81.0,F,25.77427,-80.19366,America/New_York,Will the highest temperature in Miami be 73°F or below on April 20?,0.0055,0.005,0.006,0.0055,0.005,0.006,0.001,0.0055,2026-04-18T21:06:37+00:00,0.005,2026-04-18T21:06:37+00:00,-0.001,-0.001
Highest temperature in Chicago on April 20?,https://polymarket.com/event/highest-temperature-in-chicago-on-april-20-2026,2026-04-18T21:06:37+00:00,2026-04-18T21:06:37+00:00,open_meteo,Open-Meteo,https://api.open-meteo.com/v1/forecast?latitude=41.85003&longitude=-87.65005&daily=temperature_2m_max&start_date=2026-04-20&end_date=2026-04-20&temperature_unit=fahrenheit&timezone=auto,Open-Meteo daily temperature_2m_max forecast for Chicago on 2026-04-20,52.5,F,53.0,F,41.85003,-87.65005,America/Chicago,Will the highest temperature in Chicago be 55°F or below on April 20?,0.685,0.66,0.71,0.685,0.66,0.71,0.04999999999999993,0.685,2026-04-18T21:06:37+00:00,0.66,2026-04-18T21:06:37+00:00,-0.04999999999999993,-0.04999999999999993
Highest temperature in Ankara on April 20?,https://polymarket.com/event/highest-temperature-in-ankara-on-april-20-2026,2026-04-18T21:06:37+00:00,2026-04-18T21:06:37+00:00,open_meteo,Open-Meteo,https://api.open-meteo.com/v1/forecast?latitude=39.91987&longitude=32.85427&daily=temperature_2m_max&start_date=2026-04-20&end_date=2026-04-20&temperature_unit=celsius&timezone=auto,Open-Meteo daily temperature_2m_max forecast for Ankara on 2026-04-20,13.5,C,14.0,C,39.91987,32.85427,Europe/Istanbul,Will the highest temperature in Ankara be 10°C on April 20?,0.008,0.007,0.009,0.008,0.007,0.009,0.001999999999999999,0.008,2026-04-18T21:06:37+00:00,0.007,2026-04-18T21:06:37+00:00,-0.001999999999999999,-0.001999999999999999
Highest temperature in Wellington on April 20?,https://polymarket.com/event/highest-temperature-in-wellington-on-april-20-2026,2026-04-18T21:06:37+00:00,2026-04-18T21:06:37+00:00,open_meteo,Open-Meteo,https://api.open-meteo.com/v1/forecast?latitude=-41.28664&longitude=174.77557&daily=temperature_2m_max&start_date=2026-04-20&end_date=2026-04-20&temperature_unit=celsius&timezone=auto,Open-Meteo daily temperature_2m_max forecast for Wellington on 2026-04-20,14.3,C,14.0,C,-41.28664,174.77557,Pacific/Auckland,Will the highest temperature in Wellington be 10°C on April 20?,0.0035,0.002,0.005,0.0035,0.002,0.005,0.003,0.0035,2026-04-18T21:06:37+00:00,0.002,2026-04-18T21:06:37+00:00,-0.003,-0.003
Highest temperature in Lucknow on April 20?,https://polymarket.com/event/highest-temperature-in-lucknow-on-april-20-2026,2026-04-18T21:06:37+00:00,2026-04-18T21:06:37+00:00,open_meteo,Open-Meteo,https://api.open-meteo.com/v1/forecast?latitude=26.83928&longitude=80.92313&daily=temperature_2m_max&start_date=2026-04-20&end_date=2026-04-20&temperature_unit=celsius&timezone=auto,Open-Meteo daily temperature_2m_max forecast for Lucknow on 2026-04-20,40.6,C,41.0,C,26.83928,80.92313,Asia/Kolkata,Will the highest temperature in Lucknow be 39°C or below on April 20?,0.05,0.041,0.059,0.05,0.041,0.059,0.017999999999999995,0.05,2026-04-18T21:06:37+00:00,0.041,2026-04-18T21:06:37+00:00,-0.017999999999999995,-0.017999999999999995
Highest temperature in Munich on April 20?,https://polymarket.com/event/highest-temperature-in-munich-on-april-20-2026,2026-04-18T21:06:37+00:00,2026-04-18T21:06:37+00:00,open_meteo,Open-Meteo,https://api.open-meteo.com/v1/forecast?latitude=48.13743&longitude=11.57549&daily=temperature_2m_max&start_date=2026-04-20&end_date=2026-04-20&temperature_unit=celsius&timezone=auto,Open-Meteo daily temperature_2m_max forecast for Munich on 2026-04-20,13.8,C,14.0,C,48.13743,11.57549,Europe/Berlin,Will the highest temperature in Munich be 10°C on April 20?,0.012,0.008,0.016,0.012,0.008,0.016,0.008,0.012,2026-04-18T21:06:37+00:00,0.008,2026-04-18T21:06:37+00:00,-0.008,-0.008
Highest temperature in Tel Aviv on April 20?,https://polymarket.com/event/highest-temperature-in-tel-aviv-on-april-20-2026,2026-04-18T21:06:37+00:00,2026-04-18T21:06:37+00:00,open_meteo,Open-Meteo,https://api.open-meteo.com/v1/forecast?latitude=32.08088&longitude=34.78057&daily=temperature_2m_max&start_date=2026-04-20&end_date=2026-04-20&temperature_unit=celsius&timezone=auto,Open-Meteo daily temperature_2m_max forecast for Tel Aviv on 2026-04-20,20.3,C,20.0,C,32.08088,34.78057,Asia/Jerusalem,Will the highest temperature in Tel Aviv be 15°C or below on April 20?,0.0025,0.001,0.004,0.0025,0.001,0.004,0.003,0.0025,2026-04-18T21:06:37+00:00,0.001,2026-04-18T21:06:37+00:00,-0.003,-0.003
Highest temperature in Tokyo on April 20?,https://polymarket.com/event/highest-temperature-in-tokyo-on-april-20-2026,2026-04-18T21:06:37+00:00,2026-04-18T21:06:37+00:00,open_meteo,Open-Meteo,https://api.open-meteo.com/v1/forecast?latitude=35.6895&longitude=139.69171&daily=temperature_2m_max&start_date=2026-04-20&end_date=2026-04-20&temperature_unit=celsius&timezone=auto,Open-Meteo daily temperature_2m_max forecast for Tokyo on 2026-04-20,20.5,C,21.0,C,35.6895,139.69171,Asia/Tokyo,Will the highest temperature in Tokyo be 14°C or below on April 20?,0.001,0.0,0.002,0.001,0.0,0.002,0.002,0.001,2026-04-18T21:06:37+00:00,0.0,2026-04-18T21:06:37+00:00,-0.002,-0.002
Highest temperature in Hong Kong on April 20?,https://polymarket.com/event/highest-temperature-in-hong-kong-on-april-20-2026,2026-04-18T21:06:37+00:00,2026-04-18T21:06:37+00:00,open_meteo,Open-Meteo,https://api.open-meteo.com/v1/forecast?latitude=22.27832&longitude=114.17469&daily=temperature_2m_max&start_date=2026-04-20&end_date=2026-04-20&temperature_unit=celsius&timezone=auto,Open-Meteo daily temperature_2m_max forecast for Hong Kong on 2026-04-20,26.8,C,27.0,C,22.27832,114.17469,Asia/Hong_Kong,Will the highest temperature in Hong Kong be 21°C or below on April 20?,0.003,0.002,0.004,0.003,0.002,0.004,0.002,0.003,2026-04-18T21:06:37+00:00,0.002,2026-04-18T21:06:37+00:00,-0.002,-0.002
Highest temperature in Shanghai on April 20?,https://polymarket.com/event/highest-temperature-in-shanghai-on-april-20-2026,2026-04-18T21:06:37+00:00,2026-04-18T21:06:37+00:00,open_meteo,Open-Meteo,https://api.open-meteo.com/v1/forecast?latitude=31.22222&longitude=121.45806&daily=temperature_2m_max&start_date=2026-04-20&end_date=2026-04-20&temperature_unit=celsius&timezone=auto,Open-Meteo daily temperature_2m_max forecast for Shanghai on 2026-04-20,23.1,C,23.0,C,31.22222,121.45806,Asia/Shanghai,Will the highest temperature in Shanghai be 12°C or below on April 20?,0.0025,0.002,0.003,0.0025,0.002,0.003,0.001,0.0025,2026-04-18T21:06:37+00:00,0.002,2026-04-18T21:06:37+00:00,-0.001,-0.001
Highest temperature in Singapore on April 20?,https://polymarket.com/event/highest-temperature-in-singapore-on-april-20-2026,2026-04-18T21:06:37+00:00,2026-04-18T21:06:37+00:00,open_meteo,Open-Meteo,https://api.open-meteo.com/v1/forecast?latitude=1.28967&longitude=103.85007&daily=temperature_2m_max&start_date=2026-04-20&end_date=2026-04-20&temperature_unit=celsius&timezone=auto,Open-Meteo daily temperature_2m_max forecast for Singapore on 2026-04-20,32.5,C,33.0,C,1.28967,103.85007,Asia/Singapore,Will the highest temperature in Singapore be 22°C or below on April 20?,0.0005,0.0,0.001,0.0005,0.0,0.001,0.001,0.0005,2026-04-18T21:06:37+00:00,0.0,2026-04-18T21:06:37+00:00,-0.001,-0.001
Highest temperature in Milan on April 20?,https://polymarket.com/event/highest-temperature-in-milan-on-april-20-2026,2026-04-18T21:06:37+00:00,2026-04-18T21:06:37+00:00,open_meteo,Open-Meteo,https://api.open-meteo.com/v1/forecast?latitude=45.46427&longitude=9.18951&daily=temperature_2m_max&start_date=2026-04-20&end_date=2026-04-20&temperature_unit=celsius&timezone=auto,Open-Meteo daily temperature_2m_max forecast for Milan on 2026-04-20,22.9,C,23.0,C,45.46427,9.18951,Europe/Rome,Will the highest temperature in Milan be 11°C or below on April 20?,0.0025,0.001,0.004,0.0025,0.001,0.004,0.003,0.0025,2026-04-18T21:06:37+00:00,0.001,2026-04-18T21:06:37+00:00,-0.003,-0.003
Highest temperature in Madrid on April 20?,https://polymarket.com/event/highest-temperature-in-madrid-on-april-20-2026,2026-04-18T21:06:37+00:00,2026-04-18T21:06:37+00:00,open_meteo,Open-Meteo,https://api.open-meteo.com/v1/forecast?latitude=40.4165&longitude=-3.70256&daily=temperature_2m_max&start_date=2026-04-20&end_date=2026-04-20&temperature_unit=celsius&timezone=auto,Open-Meteo daily temperature_2m_max forecast for Madrid on 2026-04-20,26.2,C,26.0,C,40.4165,-3.70256,Europe/Madrid,Will the highest temperature in Madrid be 21°C or below on April 20?,0.003,0.001,0.005,0.003,0.001,0.005,0.004,0.003,2026-04-18T21:06:37+00:00,0.001,2026-04-18T21:06:37+00:00,-0.004,-0.004
Highest temperature in Warsaw on April 20?,https://polymarket.com/event/highest-temperature-in-warsaw-on-april-20-2026,2026-04-18T21:06:37+00:00,2026-04-18T21:06:37+00:00,open_meteo,Open-Meteo,https://api.open-meteo.com/v1/forecast?latitude=52.22977&longitude=21.01178&daily=temperature_2m_max&start_date=2026-04-20&end_date=2026-04-20&temperature_unit=celsius&timezone=auto,Open-Meteo daily temperature_2m_max forecast for Warsaw on 2026-04-20,13.1,C,13.0,C,52.22977,21.01178,Europe/Warsaw,Will the highest temperature in Warsaw be 10°C on April 20?,0.0135,0.01,0.017,0.0135,0.01,0.017,0.007000000000000001,0.0135,2026-04-18T21:06:37+00:00,0.01,2026-04-18T21:06:37+00:00,-0.007000000000000001,-0.007000000000000001
Highest temperature in Taipei on April 20?,https://polymarket.com/event/highest-temperature-in-taipei-on-april-20-2026,2026-04-18T21:06:37+00:00,2026-04-18T21:06:37+00:00,open_meteo,Open-Meteo,https://api.open-meteo.com/v1/forecast?latitude=25.05306&longitude=121.52639&daily=temperature_2m_max&start_date=2026-04-20&end_date=2026-04-20&temperature_unit=celsius&timezone=auto,Open-Meteo daily temperature_2m_max forecast for Taipei on 2026-04-20,31.4,C,31.0,C,25.05306,121.52639,Asia/Taipei,Will the highest temperature in Taipei be 25°C or below on April 20?,0.0035,0.002,0.005,0.0035,0.002,0.005,0.003,0.0035,2026-04-18T21:06:37+00:00,0.002,2026-04-18T21:06:37+00:00,-0.003,-0.003
Highest temperature in Chongqing on April 20?,https://polymarket.com/event/highest-temperature-in-chongqing-on-april-20-2026,2026-04-18T21:06:37+00:00,2026-04-18T21:06:37+00:00,open_meteo,Open-Meteo,https://api.open-meteo.com/v1/forecast?latitude=29.56026&longitude=106.55771&daily=temperature_2m_max&start_date=2026-04-20&end_date=2026-04-20&temperature_unit=celsius&timezone=auto,Open-Meteo daily temperature_2m_max forecast for Chongqing on 2026-04-20,20.6,C,21.0,C,29.56026,106.55771,Asia/Shanghai,Will the highest temperature in Chongqing be 12°C or below on April 20?,0.003,0.002,0.004,0.003,0.002,0.004,0.002,0.003,2026-04-18T21:06:37+00:00,0.002,2026-04-18T21:06:37+00:00,-0.002,-0.002
Highest temperature in Beijing on April 20?,https://polymarket.com/event/highest-temperature-in-beijing-on-april-20-2026,2026-04-18T21:06:37+00:00,2026-04-18T21:06:37+00:00,open_meteo,Open-Meteo,https://api.open-meteo.com/v1/forecast?latitude=39.9075&longitude=116.39723&daily=temperature_2m_max&start_date=2026-04-20&end_date=2026-04-20&temperature_unit=celsius&timezone=auto,Open-Meteo daily temperature_2m_max forecast for Beijing on 2026-04-20,22.6,C,23.0,C,39.9075,116.39723,Asia/Shanghai,Will the highest temperature in Beijing be 20°C or below on April 20?,0.03,0.02,0.04,0.03,0.02,0.04,0.02,0.03,2026-04-18T21:06:37+00:00,0.02,2026-04-18T21:06:37+00:00,-0.02,-0.02
Highest temperature in Wuhan on April 20?,https://polymarket.com/event/highest-temperature-in-wuhan-on-april-20-2026,2026-04-18T21:06:37+00:00,2026-04-18T21:06:37+00:00,open_meteo,Open-Meteo,https://api.open-meteo.com/v1/forecast?latitude=30.58333&longitude=114.26667&daily=temperature_2m_max&start_date=2026-04-20&end_date=2026-04-20&temperature_unit=celsius&timezone=auto,Open-Meteo daily temperature_2m_max forecast for Wuhan on 2026-04-20,22.7,C,23.0,C,30.58333,114.26667,Asia/Shanghai,Will the highest temperature in Wuhan be 14°C or below on April 20?,0.0035,0.002,0.007,0.0035,0.002,0.007,0.005,0.0035,2026-04-18T21:06:37+00:00,0.002,2026-04-18T21:06:37+00:00,-0.005,-0.005
Highest temperature in Chengdu on April 20?,https://polymarket.com/event/highest-temperature-in-chengdu-on-april-20-2026,2026-04-18T21:06:37+00:00,2026-04-18T21:06:37+00:00,open_meteo,Open-Meteo,https://api.open-meteo.com/v1/forecast?latitude=30.66667&longitude=104.06667&daily=temperature_2m_max&start_date=2026-04-20&end_date=2026-04-20&temperature_unit=celsius&timezone=auto,Open-Meteo daily temperature_2m_max forecast for Chengdu on 2026-04-20,20.0,C,20.0,C,30.66667,104.06667,Asia/Shanghai,Will the highest temperature in Chengdu be 17°C or below on April 20?,0.013,0.01,0.016,0.013,0.01,0.016,0.006,0.013,2026-04-18T21:06:37+00:00,0.01,2026-04-18T21:06:37+00:00,-0.006,-0.006
Highest temperature in Shenzhen on April 20?,https://polymarket.com/event/highest-temperature-in-shenzhen-on-april-20-2026,2026-04-18T21:06:37+00:00,2026-04-18T21:06:37+00:00,open_meteo,Open-Meteo,https://api.open-meteo.com/v1/forecast?latitude=22.54554&longitude=114.0683&daily=temperature_2m_max&start_date=2026-04-20&end_date=2026-04-20&temperature_unit=celsius&timezone=auto,Open-Meteo daily temperature_2m_max forecast for Shenzhen on 2026-04-20,28.3,C,28.0,C,22.54554,114.0683,Asia/Shanghai,Will the highest temperature in Shenzhen be 22°C or below on April 20?,0.001,0.0,0.002,0.001,0.0,0.002,0.002,0.001,2026-04-18T21:06:37+00:00,0.0,2026-04-18T21:06:37+00:00,-0.002,-0.002
Highest temperature in Austin on April 20?,https://polymarket.com/event/highest-temperature-in-austin-on-april-20-2026,2026-04-18T21:06:37+00:00,2026-04-18T21:06:37+00:00,open_meteo,Open-Meteo,https://api.open-meteo.com/v1/forecast?latitude=30.26715&longitude=-97.74306&daily=temperature_2m_max&start_date=2026-04-20&end_date=2026-04-20&temperature_unit=fahrenheit&timezone=auto,Open-Meteo daily temperature_2m_max forecast for Austin on 2026-04-20,63.7,F,64.0,F,30.26715,-97.74306,America/Chicago,Will the highest temperature in Austin be 69°F or below on April 20?,0.911,0.878,0.944,0.911,0.878,0.944,0.06599999999999995,0.911,2026-04-18T21:06:37+00:00,0.878,2026-04-18T21:06:37+00:00,-0.06599999999999995,-0.06599999999999995
Highest temperature in Denver on April 20?,https://polymarket.com/event/highest-temperature-in-denver-on-april-20-2026,2026-04-18T21:06:37+00:00,2026-04-18T21:06:37+00:00,open_meteo,Open-Meteo,https://api.open-meteo.com/v1/forecast?latitude=39.73915&longitude=-104.9847&daily=temperature_2m_max&start_date=2026-04-20&end_date=2026-04-20&temperature_unit=fahrenheit&timezone=auto,Open-Meteo daily temperature_2m_max forecast for Denver on 2026-04-20,78.5,F,79.0,F,39.73915,-104.9847,America/Denver,Will the highest temperature in Denver be 21°F or below on April 20?,0.0005,0.0,0.001,0.0005,0.0,0.001,0.001,0.0005,2026-04-18T21:06:37+00:00,0.0,2026-04-18T21:06:37+00:00,-0.001,-0.001
Highest temperature in Houston on April 20?,https://polymarket.com/event/highest-temperature-in-houston-on-april-20-2026,2026-04-18T21:06:37+00:00,2026-04-18T21:06:37+00:00,open_meteo,Open-Meteo,https://api.open-meteo.com/v1/forecast?latitude=29.76328&longitude=-95.36327&daily=temperature_2m_max&start_date=2026-04-20&end_date=2026-04-20&temperature_unit=fahrenheit&timezone=auto,Open-Meteo daily temperature_2m_max forecast for Houston on 2026-04-20,76.3,F,76.0,F,29.76328,-95.36327,America/Chicago,Will the highest temperature in Houston be 65°F or below on April 20?,0.0085,0.008,0.01,0.0085,0.008,0.01,0.002,0.0085,2026-04-18T21:06:37+00:00,0.008,2026-04-18T21:06:37+00:00,-0.002,-0.002
Highest temperature in Los Angeles on April 20?,https://polymarket.com/event/highest-temperature-in-los-angeles-on-april-20-2026,2026-04-18T21:06:37+00:00,2026-04-18T21:06:37+00:00,open_meteo,Open-Meteo,https://api.open-meteo.com/v1/forecast?latitude=34.05223&longitude=-118.24368&daily=temperature_2m_max&start_date=2026-04-20&end_date=2026-04-20&temperature_unit=fahrenheit&timezone=auto,Open-Meteo daily temperature_2m_max forecast for Los Angeles on 2026-04-20,74.2,F,74.0,F,34.05223,-118.24368,America/Los_Angeles,Will the highest temperature in Los Angeles be 55°F or below on April 20?,0.0015,0.001,0.002,0.0015,0.001,0.002,0.001,0.0015,2026-04-18T21:06:37+00:00,0.001,2026-04-18T21:06:37+00:00,-0.001,-0.001
Highest temperature in San Francisco on April 20?,https://polymarket.com/event/highest-temperature-in-san-francisco-on-april-20-2026,2026-04-18T21:06:37+00:00,2026-04-18T21:06:37+00:00,open_meteo,Open-Meteo,https://api.open-meteo.com/v1/forecast?latitude=37.77493&longitude=-122.41942&daily=temperature_2m_max&start_date=2026-04-20&end_date=2026-04-20&temperature_unit=fahrenheit&timezone=auto,Open-Meteo daily temperature_2m_max forecast for San Francisco on 2026-04-20,65.4,F,65.0,F,37.77493,-122.41942,America/Los_Angeles,Will the highest temperature in San Francisco be 55°F or below on April 20?,0.004,0.003,0.008,0.004,0.003,0.008,0.005,0.004,2026-04-18T21:06:37+00:00,0.003,2026-04-18T21:06:37+00:00,-0.005,-0.005
Highest temperature in Moscow on April 20?,https://polymarket.com/event/highest-temperature-in-moscow-on-april-20-2026,2026-04-18T21:06:37+00:00,2026-04-18T21:06:37+00:00,open_meteo,Open-Meteo,https://api.open-meteo.com/v1/forecast?latitude=55.75222&longitude=37.61556&daily=temperature_2m_max&start_date=2026-04-20&end_date=2026-04-20&temperature_unit=celsius&timezone=auto,Open-Meteo daily temperature_2m_max forecast for Moscow on 2026-04-20,4.5,C,5.0,C,55.75222,37.61556,Europe/Moscow,Will the highest temperature in Moscow be -1°C on April 20?,0.003,0.002,0.004,0.003,0.002,0.004,0.002,0.003,2026-04-18T21:06:37+00:00,0.002,2026-04-18T21:06:37+00:00,-0.002,-0.002
Highest temperature in Istanbul on April 20?,https://polymarket.com/event/highest-temperature-in-istanbul-on-april-20-2026,2026-04-18T21:06:37+00:00,2026-04-18T21:06:37+00:00,open_meteo,Open-Meteo,https://api.open-meteo.com/v1/forecast?latitude=41.01384&longitude=28.94966&daily=temperature_2m_max&start_date=2026-04-20&end_date=2026-04-20&temperature_unit=celsius&timezone=auto,Open-Meteo daily temperature_2m_max forecast for Istanbul on 2026-04-20,15.8,C,16.0,C,41.01384,28.94966,Europe/Istanbul,Will the highest temperature in Istanbul be 10°C on April 20?,0.0015,0.001,0.008,0.0015,0.001,0.008,0.007,0.0015,2026-04-18T21:06:37+00:00,0.001,2026-04-18T21:06:37+00:00,-0.007,-0.007
Highest temperature in Mexico City on April 20?,https://polymarket.com/event/highest-temperature-in-mexico-city-on-april-20-2026,2026-04-18T21:06:37+00:00,2026-04-18T21:06:37+00:00,open_meteo,Open-Meteo,https://api.open-meteo.com/v1/forecast?latitude=19.42847&longitude=-99.12766&daily=temperature_2m_max&start_date=2026-04-20&end_date=2026-04-20&temperature_unit=celsius&timezone=auto,Open-Meteo daily temperature_2m_max forecast for Mexico City on 2026-04-20,23.2,C,23.0,C,19.42847,-99.12766,America/Mexico_City,Will the highest temperature in Mexico City be 16°C or below on April 20?,0.002,0.001,0.003,0.002,0.001,0.003,0.002,0.002,2026-04-18T21:06:37+00:00,0.001,2026-04-18T21:06:37+00:00,-0.002,-0.002
Highest temperature in Busan on April 20?,https://polymarket.com/event/highest-temperature-in-busan-on-april-20-2026,2026-04-18T21:06:37+00:00,2026-04-18T21:06:37+00:00,open_meteo,Open-Meteo,https://api.open-meteo.com/v1/forecast?latitude=35.10168&longitude=129.03004&daily=temperature_2m_max&start_date=2026-04-20&end_date=2026-04-20&temperature_unit=celsius&timezone=auto,Open-Meteo daily temperature_2m_max forecast for Busan on 2026-04-20,19.1,C,19.0,C,35.10168,129.03004,Asia/Seoul,Will the highest temperature in Busan be 15°C or below on April 20?,0.0025,0.002,0.003,0.0025,0.002,0.003,0.001,0.0025,2026-04-18T21:06:37+00:00,0.002,2026-04-18T21:06:37+00:00,-0.001,-0.001
Highest temperature in Amsterdam on April 20?,https://polymarket.com/event/highest-temperature-in-amsterdam-on-april-20-2026,2026-04-18T21:06:37+00:00,2026-04-18T21:06:37+00:00,open_meteo,Open-Meteo,https://api.open-meteo.com/v1/forecast?latitude=52.37403&longitude=4.88969&daily=temperature_2m_max&start_date=2026-04-20&end_date=2026-04-20&temperature_unit=celsius&timezone=auto,Open-Meteo daily temperature_2m_max forecast for Amsterdam on 2026-04-20,12.1,C,12.0,C,52.37403,4.88969,Europe/Amsterdam,Will the highest temperature in Amsterdam be 10°C on April 20?,0.11,0.09,0.13,0.11,0.09,0.13,0.04000000000000001,0.11,2026-04-18T21:06:37+00:00,0.09,2026-04-18T21:06:37+00:00,-0.04000000000000001,-0.04000000000000001
Highest temperature in Helsinki on April 20?,https://polymarket.com/event/highest-temperature-in-helsinki-on-april-20-2026,2026-04-18T21:06:37+00:00,2026-04-18T21:06:37+00:00,open_meteo,Open-Meteo,https://api.open-meteo.com/v1/forecast?latitude=60.16952&longitude=24.93545&daily=temperature_2m_max&start_date=2026-04-20&end_date=2026-04-20&temperature_unit=celsius&timezone=auto,Open-Meteo daily temperature_2m_max forecast for Helsinki on 2026-04-20,14.1,C,14.0,C,60.16952,24.93545,Europe/Helsinki,Will the highest temperature in Helsinki be 10°C on April 20?,0.0065,0.006,0.007,0.0065,0.006,0.007,0.001,0.0065,2026-04-18T21:06:37+00:00,0.006,2026-04-18T21:06:37+00:00,-0.001,-0.001
Highest temperature in Panama City on April 20?,https://polymarket.com/event/highest-temperature-in-panama-city-on-april-20-2026,2026-04-18T21:06:37+00:00,2026-04-18T21:06:37+00:00,open_meteo,Open-Meteo,https://api.open-meteo.com/v1/forecast?latitude=8.9936&longitude=-79.51973&daily=temperature_2m_max&start_date=2026-04-20&end_date=2026-04-20&temperature_unit=celsius&timezone=auto,Open-Meteo daily temperature_2m_max forecast for Panama City on 2026-04-20,32.8,C,33.0,C,8.9936,-79.51973,America/Panama,Will the highest temperature in Panama City be 21°C or below on April 20?,0.0005,0.0,0.001,0.0005,0.0,0.001,0.001,0.0005,2026-04-18T21:06:37+00:00,0.0,2026-04-18T21:06:37+00:00,-0.001,-0.001
Highest temperature in Kuala Lumpur on April 20?,https://polymarket.com/event/highest-temperature-in-kuala-lumpur-on-april-20-2026,2026-04-18T21:06:37+00:00,2026-04-18T21:06:37+00:00,open_meteo,Open-Meteo,https://api.open-meteo.com/v1/forecast?latitude=3.1412&longitude=101.68653&daily=temperature_2m_max&start_date=2026-04-20&end_date=2026-04-20&temperature_unit=celsius&timezone=auto,Open-Meteo daily temperature_2m_max forecast for Kuala Lumpur on 2026-04-20,33.2,C,33.0,C,3.1412,101.68653,Asia/Kuala_Lumpur,Will the highest temperature in Kuala Lumpur be 24°C or below on April 20?,0.002,0.001,0.003,0.002,0.001,0.003,0.002,0.002,2026-04-18T21:06:37+00:00,0.001,2026-04-18T21:06:37+00:00,-0.002,-0.002
Highest temperature in Jakarta on April 20?,https://polymarket.com/event/highest-temperature-in-jakarta-on-april-20-2026,2026-04-18T21:06:37+00:00,2026-04-18T21:06:37+00:00,open_meteo,Open-Meteo,https://api.open-meteo.com/v1/forecast?latitude=-6.21462&longitude=106.84513&daily=temperature_2m_max&start_date=2026-04-20&end_date=2026-04-20&temperature_unit=celsius&timezone=auto,Open-Meteo daily temperature_2m_max forecast for Jakarta on 2026-04-20,32.5,C,33.0,C,-6.21462,106.84513,Asia/Jakarta,Will the highest temperature in Jakarta be 27°C or below on April 20?,0.003,0.001,0.005,0.003,0.001,0.005,0.004,0.003,2026-04-18T21:06:37+00:00,0.001,2026-04-18T21:06:37+00:00,-0.004,-0.004
Highest temperature in Jeddah on April 20?,https://polymarket.com/event/highest-temperature-in-jeddah-on-april-20-2026,2026-04-18T21:06:37+00:00,2026-04-18T21:06:37+00:00,open_meteo,Open-Meteo,https://api.open-meteo.com/v1/forecast?latitude=21.49012&longitude=39.18624&daily=temperature_2m_max&start_date=2026-04-20&end_date=2026-04-20&temperature_unit=celsius&timezone=auto,Open-Meteo daily temperature_2m_max forecast for Jeddah on 2026-04-20,34.8,C,35.0,C,21.49012,39.18624,Asia/Riyadh,Will the highest temperature in Jeddah be 28°C or below on April 20?,0.003,0.001,0.005,0.003,0.001,0.005,0.004,0.003,2026-04-18T21:06:37+00:00,0.001,2026-04-18T21:06:37+00:00,-0.004,-0.004
Highest temperature in Lagos on April 20?,https://polymarket.com/event/highest-temperature-in-lagos-on-april-20-2026,2026-04-18T21:06:37+00:00,2026-04-18T21:06:37+00:00,open_meteo,Open-Meteo,https://api.open-meteo.com/v1/forecast?latitude=6.45407&longitude=3.39467&daily=temperature_2m_max&start_date=2026-04-20&end_date=2026-04-20&temperature_unit=celsius&timezone=auto,Open-Meteo daily temperature_2m_max forecast for Lagos on 2026-04-20,33.0,C,33.0,C,6.45407,3.39467,Africa/Lagos,Will the highest temperature in Lagos be 28°C or below on April 20?,0.0105,0.008,0.013,0.0105,0.008,0.013,0.004999999999999999,0.0105,2026-04-18T21:06:37+00:00,0.008,2026-04-18T21:06:37+00:00,-0.004999999999999999,-0.004999999999999999
Highest temperature in Cape Town on April 20?,https://polymarket.com/event/highest-temperature-in-cape-town-on-april-20-2026,2026-04-18T21:06:37+00:00,2026-04-18T21:06:37+00:00,open_meteo,Open-Meteo,https://api.open-meteo.com/v1/forecast?latitude=-33.92584&longitude=18.42322&daily=temperature_2m_max&start_date=2026-04-20&end_date=2026-04-20&temperature_unit=celsius&timezone=auto,Open-Meteo daily temperature_2m_max forecast for Cape Town on 2026-04-20,15.3,C,15.0,C,-33.92584,18.42322,Africa/Johannesburg,Will the highest temperature in Cape Town be 11°C or below on April 20?,0.0045,0.002,0.007,0.0045,0.002,0.007,0.005,0.0045,2026-04-18T21:06:37+00:00,0.002,2026-04-18T21:06:37+00:00,-0.005,-0.005
Highest temperature in Guangzhou on April 20?,https://polymarket.com/event/highest-temperature-in-guangzhou-on-april-20-2026,2026-04-18T21:06:37+00:00,2026-04-18T21:06:37+00:00,open_meteo,Open-Meteo,https://api.open-meteo.com/v1/forecast?latitude=23.11667&longitude=113.25&daily=temperature_2m_max&start_date=2026-04-20&end_date=2026-04-20&temperature_unit=celsius&timezone=auto,Open-Meteo daily temperature_2m_max forecast for Guangzhou on 2026-04-20,28.7,C,29.0,C,23.11667,113.25,Asia/Shanghai,Will the highest temperature in Guangzhou be 27°C or below on April 20?,0.12,0.11,0.13,0.12,0.11,0.13,0.020000000000000004,0.12,2026-04-18T21:06:37+00:00,0.11,2026-04-18T21:06:37+00:00,-0.020000000000000004,-0.020000000000000004
Highest temperature in Karachi on April 20?,https://polymarket.com/event/highest-temperature-in-karachi-on-april-20-2026,2026-04-18T21:06:37+00:00,2026-04-18T21:06:37+00:00,open_meteo,Open-Meteo,https://api.open-meteo.com/v1/forecast?latitude=24.8608&longitude=67.0104&daily=temperature_2m_max&start_date=2026-04-20&end_date=2026-04-20&temperature_unit=celsius&timezone=auto,Open-Meteo daily temperature_2m_max forecast for Karachi on 2026-04-20,29.8,C,30.0,C,24.8608,67.0104,Asia/Karachi,Will the highest temperature in Karachi be 25°C or below on April 20?,0.004,0.002,0.006,0.004,0.002,0.006,0.004,0.004,2026-04-18T21:06:37+00:00,0.002,2026-04-18T21:06:37+00:00,-0.004,-0.004
Highest temperature in Manila on April 20?,https://polymarket.com/event/highest-temperature-in-manila-on-april-20-2026,2026-04-18T21:06:37+00:00,2026-04-18T21:06:37+00:00,open_meteo,Open-Meteo,https://api.open-meteo.com/v1/forecast?latitude=14.6042&longitude=120.9822&daily=temperature_2m_max&start_date=2026-04-20&end_date=2026-04-20&temperature_unit=celsius&timezone=auto,Open-Meteo daily temperature_2m_max forecast for Manila on 2026-04-20,30.5,C,31.0,C,14.6042,120.9822,Asia/Manila,Will the highest temperature in Manila be 29°C or below on April 20?,0.0055,0.002,0.009,0.0055,0.002,0.009,0.006999999999999999,0.0055,2026-04-18T21:06:37+00:00,0.002,2026-04-18T21:06:37+00:00,-0.006999999999999999,-0.006999999999999999
